index,title,artist,album,album_artist,genre,track_number,year,duration_seconds,duration_ms,bitrate_kbps,sample_rate_hz,file_size_bytes,format_kind,play_count,rating,file_path,is_video,date_added,file_size_mb,is_local_file,file_extension,unique_id,has_file_path,file_accessible
252,Chapter 30 - The White Tomb,J. K. Rowling,Harry Potter and the Half Blood Prince,,Audio Book,30,2005,2493,2493828,24,16000,7526540,MPEG audio file,0,0,/Users/seant/Music/iTunes/iTunes Media/Music/J. K. Rowling/Harry Potter and the Half Blood Prince/30 Chapter 30 - The White Tomb.mp3,False,2017-12-17T18:52:50,7.18,True,mp3,J. K. Rowling_Harry Potter and the Half Blood Prince_Chapter 30 - The White Tomb_30,True,True
79,Chapter 04 - At Flourish and Blotts,J.K. Rowling,Harry Potter and the Chamber of Secrets,,Audio Book,4,1998,2369,2369700,24,16000,7135724,MPEG audio file,0,0,/Users/seant/Music/iTunes/iTunes Media/Music/J.K. Rowling/Harry Potter and the Chamber of Secrets/04 Chapter 04 - At Flourish and Blotts.mp3,False,2017-12-17T18:41:02,6.81,True,mp3,J.K. Rowling_Harry Potter and the Chamber of Secrets_Chapter 04 - At Flourish and Blotts_4,True,True
251,Chapter 05 - The Whomping Willow,J.K. Rowling,Harry Potter and the Chamber of Secrets,,Audio Book,5,1998,2184,2184012,24,16000,6578660,MPEG audio file,0,0,/Users/seant/Music/iTunes/iTunes Media/Music/J.K. Rowling/Harry Potter and the Chamber of Secrets/05 Chapter 05 - The Whomping Willow.mp3,False,2017-12-17T18:52:49,6.27,True,mp3,J.K. Rowling_Harry Potter and the Chamber of Secrets_Chapter 05 - The Whomping Willow_5,True,True
182,Chapter 06 - Gilderoy Lockhart,J.K. Rowling,Harry Potter and the Chamber of Secrets,,Audio Book,6,1998,1839,1839960,24,16000,5546504,MPEG audio file,0,0,/Users/seant/Music/iTunes/iTunes Media/Music/J.K. Rowling/Harry Potter and the Chamber of Secrets/06 Chapter 06 - Gilderoy Lockhart.mp3,False,2017-12-17T18:47:57,5.29,True,mp3,J.K. Rowling_Harry Potter and the Chamber of Secrets_Chapter 06 - Gilderoy Lockhart_6,True,True
131,Chapter 07 - Mudbloods and Murmurs,J.K. Rowling,Harry Potter and the Chamber of Secrets,,Audio Book,7,1998,1701,1701576,24,16000,5131352,MPEG audio file,0,0,/Users/seant/Music/iTunes/iTunes Media/Music/J.K. Rowling/Harry Potter and the Chamber of Secrets/07 Chapter 07 - Mudbloods and Murmurs.mp3,False,2017-12-17T18:43:53,4.89,True,mp3,J.K. Rowling_Harry Potter and the Chamber of Secrets_Chapter 07 - Mudbloods and Murmurs_7,True,True
140,Chapter 09 - The Writing on the Wall,J.K. Rowling,Harry Potter and the Chamber of Secrets,,Audio Book,9,1998,2025,2025144,24,16000,6102056,MPEG audio file,0,0,/Users/seant/Music/iTunes/iTunes Media/Music/J.K. Rowling/Harry Potter and the Chamber of Secrets/09 Chapter 09 - The Writing on the Wall.mp3,False,2017-12-17T18:45:01,5.82,True,mp3,J.K. Rowling_Harry Potter and the Chamber of Secrets_Chapter 09 - The Writing on the Wall_9,True,True
126,Chapter 10 - The Rogue Bludger,J.K. Rowling,Harry Potter and the Chamber of Secrets,,Audio Book,10,1998,1996,1996416,24,16000,6015872,MPEG audio file,0,0,/Users/seant/Music/iTunes/iTunes Media/Music/J.K. Rowling/Harry Potter and the Chamber of Secrets/10 Chapter 10 - The Rogue Bludger.mp3,False,2017-12-17T18:43:36,5.74,True,mp3,J.K. Rowling_Harry Potter and the Chamber of Secrets_Chapter 10 - The Rogue Bludger_10,True,True
22,Chapter 11 - The Duelling Club,J.K. Rowling,Harry Potter and the Chamber of Secrets,,Audio Book,11,1998,2361,2361168,24,16000,7110128,MPEG audio file,0,0,/Users/seant/Music/iTunes/iTunes Media/Music/J.K. Rowling/Harry Potter and the Chamber of Secrets/11 Chapter 11 - The Duelling Club.mp3,False,2017-12-17T18:36:51,6.78,True,mp3,J.K. Rowling_Harry Potter and the Chamber of Secrets_Chapter 11 - The Duelling Club_11,True,True
141,Chapter 13 - The Very Secret Diary,J.K. Rowling,Harry Potter and the Chamber of Secrets,,Audio Book,13,1998,2198,2198160,24,16000,6621104,MPEG audio file,0,0,/Users/seant/Music/iTunes/iTunes Media/Music/J.K. Rowling/Harry Potter and the Chamber of Secrets/13 Chapter 13 - The Very Secret Diary.mp3,False,2017-12-17T18:45:02,6.31,True,mp3,J.K. Rowling_Harry Potter and the Chamber of Secrets_Chapter 13 - The Very Secret Diary_13,True,True
275,Chapter 14 - Cornelius Fudge,J.K. Rowling,Harry Potter and the Chamber of Secrets,,Audio Book,14,1998,1638,1638144,24,16000,4941056,MPEG audio file,0,0,/Users/seant/Music/iTunes/iTunes Media/Music/J.K. Rowling/Harry Potter and the Chamber of Secrets/14 Chapter 14 - Cornelius Fudge.mp3,False,2017-12-17T18:55:38,4.71,True,mp3,J.K. Rowling_Harry Potter and the Chamber of Secrets_Chapter 14 - Cornelius Fudge_14,True,True
58,Chapter 15 - Aragog,J.K. Rowling,Harry Potter and the Chamber of Secrets,,Audio Book,15,1998,1953,1953576,24,16000,5887352,MPEG audio file,0,0,/Users/seant/Music/iTunes/iTunes Media/Music/J.K. Rowling/Harry Potter and the Chamber of Secrets/15 Chapter 15 - Aragog.mp3,False,2017-12-17T18:39:57,5.61,True,mp3,J.K. Rowling_Harry Potter and the Chamber of Secrets_Chapter 15 - Aragog_15,True,True
181,Chapter 16 - The Chamber of Secrets,J.K. Rowling,Harry Potter and the Chamber of Secrets,,Audio Book,16,1998,2381,2381652,24,16000,7171580,MPEG audio file,0,0,/Users/seant/Music/iTunes/iTunes Media/Music/J.K. Rowling/Harry Potter and the Chamber of Secrets/16 Chapter 16 - The Chamber of Secrets.mp3,False,2017-12-17T18:47:57,6.84,True,mp3,J.K. Rowling_Harry Potter and the Chamber of Secrets_Chapter 16 - The Chamber of Secrets_16,True,True
66,Chapter 17 - The Heir of Slytherin,J.K. Rowling,Harry Potter and the Chamber of Secrets,,Audio Book,17,1998,2532,2532708,24,16000,7624748,MPEG audio file,0,0,/Users/seant/Music/iTunes/iTunes Media/Music/J.K. Rowling/Harry Potter and the Chamber of Secrets/17 Chapter 17 - The Heir of Slytherin.mp3,False,2017-12-17T18:40:35,7.27,True,mp3,J.K. Rowling_Harry Potter and the Chamber of Secrets_Chapter 17 - The Heir of Slytherin_17,True,True
261,Chapter 18 - Dobby's Reward,J.K. Rowling,Harry Potter and the Chamber of Secrets,,Audio Book,18,1998,1687,1687824,24,16000,5090096,MPEG audio file,0,0,/Users/seant/Music/iTunes/iTunes Media/Music/J.K. Rowling/Harry Potter and the Chamber of Secrets/18 Chapter 18 - Dobby's Reward.mp3,False,2017-12-17T18:54:37,4.85,True,mp3,J.K. Rowling_Harry Potter and the Chamber of Secrets_Chapter 18 - Dobby's Reward_18,True,True
108,Chapter 03 - The Dursleys Departing,J.K. Rowling,Harry Potter and the Deathly Hallows,,Audio Book,3,2007,1505,1505880,24,16000,4540168,MPEG audio file,0,0,/Users/seant/Music/iTunes/iTunes Media/Music/J.K. Rowling/Harry Potter and the Deathly Hallows/03 Chapter 03 - The Dursleys Departing.mp3,False,2017-12-17T18:43:23,4.33,True,mp3,J.K. Rowling_Harry Potter and the Deathly Hallows_Chapter 03 - The Dursleys Departing_3,True,True
204,Chapter 05 - Fallen Warrior,J.K. Rowling,Harry Potter and the Deathly Hallows,,Audio Book,5,2007,2660,2660580,24,16000,8004268,MPEG audio file,0,0,/Users/seant/Music/iTunes/iTunes Media/Music/J.K. Rowling/Harry Potter and the Deathly Hallows/05 Chapter 05 - Fallen Warrior.mp3,False,2017-12-17T18:49:32,7.63,True,mp3,J.K. Rowling_Harry Potter and the Deathly Hallows_Chapter 05 - Fallen Warrior_5,True,True
163,Chapter 07 - The Will Of Albus Dumbledore,J.K. Rowling,Harry Potter and the Deathly Hallows,,Audio Book,7,2007,2798,2798100,24,16000,8416828,MPEG audio file,0,0,/Users/seant/Music/iTunes/iTunes Media/Music/J.K. Rowling/Harry Potter and the Deathly Hallows/07 Chapter 07 - The Will Of Albus Dumbledore.mp3,False,2017-12-17T18:46:19,8.03,True,mp3,J.K. Rowling_Harry Potter and the Deathly Hallows_Chapter 07 - The Will Of Albus Dumbledore_7,True,True
369,Chapter 08 - The Wedding,J.K. Rowling,Harry Potter and the Deathly Hallows,,Audio Book,8,2007,2718,2718576,24,16000,8178256,MPEG audio file,0,0,/Users/seant/Music/iTunes/iTunes Media/Music/J.K. Rowling/Harry Potter and the Deathly Hallows/08 Chapter 08 - The Wedding.mp3,False,2017-12-17T19:07:08,7.8,True,mp3,J.K. Rowling_Harry Potter and the Deathly Hallows_Chapter 08 - The Wedding_8,True,True
348,Chapter 10 - Kreacher's Tale,J.K. Rowling,Harry Potter and the Deathly Hallows,,Audio Book,10,2007,2936,2936592,24,16000,8832304,MPEG audio file,0,0,/Users/seant/Music/iTunes/iTunes Media/Music/J.K. Rowling/Harry Potter and the Deathly Hallows/10 Chapter 10 - Kreacher's Tale.mp3,False,2017-12-17T19:05:28,8.42,True,mp3,J.K. Rowling_Harry Potter and the Deathly Hallows_Chapter 10 - Kreacher's Tale_10,True,True
92,Chapter 14 - The Thief,J.K. Rowling,Harry Potter and the Deathly Hallows,,Audio Book,14,2007,1742,1742616,24,16000,5250376,MPEG audio file,0,0,/Users/seant/Music/iTunes/iTunes Media/Music/J.K. Rowling/Harry Potter and the Deathly Hallows/14 Chapter 14 - The Thief.mp3,False,2017-12-17T18:41:46,5.01,True,mp3,J.K. Rowling_Harry Potter and the Deathly Hallows_Chapter 14 - The Thief_14,True,True
84,Chapter 15 - The Goblin's Revenge,J.K. Rowling,Harry Potter and the Deathly Hallows,,Audio Book,15,2007,2894,2894616,24,16000,8706376,MPEG audio file,0,0,/Users/seant/Music/iTunes/iTunes Media/Music/J.K. Rowling/Harry Potter and the Deathly Hallows/15 Chapter 15 - The Goblin's Revenge.mp3,False,2017-12-17T18:41:44,8.3,True,mp3,J.K. Rowling_Harry Potter and the Deathly Hallows_Chapter 15 - The Goblin's Revenge_15,True,True
178,Chapter 16 - Godric's Hollow,J.K. Rowling,Harry Potter and the Deathly Hallows,,Audio Book,16,2007,2191,2191032,24,16000,6595624,MPEG audio file,0,0,/Users/seant/Music/iTunes/iTunes Media/Music/J.K. Rowling/Harry Potter and the Deathly Hallows/16 Chapter 16 - Godric's Hollow.mp3,False,2017-12-17T18:47:56,6.29,True,mp3,J.K. Rowling_Harry Potter and the Deathly Hallows_Chapter 16 - Godric's Hollow_16,True,True
264,Chapter 18 - The Life And Lies Of Albus Dumbledore,J.K. Rowling,Harry Potter and the Deathly Hallows,,Audio Book,18,2007,1426,1426356,24,16000,4301596,MPEG audio file,0,0,/Users/seant/Music/iTunes/iTunes Media/Music/J.K. Rowling/Harry Potter and the Deathly Hallows/18 Chapter 18 - The Life And Lies Of Albus Dumbledore.mp3,False,2017-12-17T18:55:07,4.1,True,mp3,J.K. Rowling_Harry Potter and the Deathly Hallows_Chapter 18 - The Life And Lies Of Albus Dumbledore_18,True,True
170,Chapter 19 - The Silver Doe,J.K. Rowling,Harry Potter and the Deathly Hallows,,Audio Book,19,2007,2796,2796048,24,16000,8410672,MPEG audio file,0,0,/Users/seant/Music/iTunes/iTunes Media/Music/J.K. Rowling/Harry Potter and the Deathly Hallows/19 Chapter 19 - The Silver Doe.mp3,False,2017-12-17T18:47:15,8.02,True,mp3,J.K. Rowling_Harry Potter and the Deathly Hallows_Chapter 19 - The Silver Doe_19,True,True
172,Chapter 22 - The Deathly Hallows,J.K. Rowling,Harry Potter and the Deathly Hallows,,Audio Book,22,2007,2432,2432520,24,16000,7320088,MPEG audio file,0,0,/Users/seant/Music/iTunes/iTunes Media/Music/J.K. Rowling/Harry Potter and the Deathly Hallows/22 Chapter 22 - The Deathly Hallows.mp3,False,2017-12-17T18:47:15,6.98,True,mp3,J.K. Rowling_Harry Potter and the Deathly Hallows_Chapter 22 - The Deathly Hallows_22,True,True
302,Chapter 23 - Malfoy Manor,J.K. Rowling,Harry Potter and the Deathly Hallows,,Audio Book,23,2007,3618,3618612,24,16000,10878364,MPEG audio file,0,0,/Users/seant/Music/iTunes/iTunes Media/Music/J.K. Rowling/Harry Potter and the Deathly Hallows/23 Chapter 23 - Malfoy Manor.mp3,False,2017-12-17T19:01:09,10.37,True,mp3,J.K. Rowling_Harry Potter and the Deathly Hallows_Chapter 23 - Malfoy Manor_23,True,True
368,Chapter 25 - Shell Cottage,J.K. Rowling,Harry Potter and the Deathly Hallows,,Audio Book,25,2007,1801,1801476,24,16000,5426956,MPEG audio file,0,0,/Users/seant/Music/iTunes/iTunes Media/Music/J.K. Rowling/Harry Potter and the Deathly Hallows/25 Chapter 25 - Shell Cottage.mp3,False,2017-12-17T19:07:08,5.18,True,mp3,J.K. Rowling_Harry Potter and the Deathly Hallows_Chapter 25 - Shell Cottage_25,True,True
188,Chapter 26 - Gringotts,J.K. Rowling,Harry Potter and the Deathly Hallows,,Audio Book,26,2007,2878,2878524,24,16000,8658100,MPEG audio file,0,0,/Users/seant/Music/iTunes/iTunes Media/Music/J.K. Rowling/Harry Potter and the Deathly Hallows/26 Chapter 26 - Gringotts.mp3,False,2017-12-17T18:48:32,8.26,True,mp3,J.K. Rowling_Harry Potter and the Deathly Hallows_Chapter 26 - Gringotts_26,True,True
173,Chapter 27 - The Final Hiding Place,J.K. Rowling,Harry Potter and the Deathly Hallows,,Audio Book,27,2007,1178,1178100,24,16000,3556828,MPEG audio file,0,0,/Users/seant/Music/iTunes/iTunes Media/Music/J.K. Rowling/Harry Potter and the Deathly Hallows/27 Chapter 27 - The Final Hiding Place.mp3,False,2017-12-17T18:47:15,3.39,True,mp3,J.K. Rowling_Harry Potter and the Deathly Hallows_Chapter 27 - The Final Hiding Place_27,True,True
166,Chapter 28 - The Missing Mirror,J.K. Rowling,Harry Potter and the Deathly Hallows,,Audio Book,28,2007,1906,1906092,24,16000,5740804,MPEG audio file,0,0,/Users/seant/Music/iTunes/iTunes Media/Music/J.K. Rowling/Harry Potter and the Deathly Hallows/28 Chapter 28 - The Missing Mirror.mp3,False,2017-12-17T18:46:35,5.47,True,mp3,J.K. Rowling_Harry Potter and the Deathly Hallows_Chapter 28 - The Missing Mirror_28,True,True
72,Chapter 30 - The Sacking Of Severus Snape,J.K. Rowling,Harry Potter and the Deathly Hallows,,Audio Book,30,2007,2091,2091600,24,16000,6297328,MPEG audio file,0,0,/Users/seant/Music/iTunes/iTunes Media/Music/J.K. Rowling/Harry Potter and the Deathly Hallows/30 Chapter 30 - The Sacking Of Severus Snape.mp3,False,2017-12-17T18:40:36,6.01,True,mp3,J.K. Rowling_Harry Potter and the Deathly Hallows_Chapter 30 - The Sacking Of Severus Snape_30,True,True
309,Chapter 31 - The Battle Of Hogwarts,J.K. Rowling,Harry Potter and the Deathly Hallows,,Audio Book,31,2007,3439,3439116,24,16000,10339876,MPEG audio file,0,0,/Users/seant/Music/iTunes/iTunes Media/Music/J.K. Rowling/Harry Potter and the Deathly Hallows/31 Chapter 31 - The Battle Of Hogwarts.mp3,False,2017-12-17T19:02:06,9.86,True,mp3,J.K. Rowling_Harry Potter and the Deathly Hallows_Chapter 31 - The Battle Of Hogwarts_31,True,True
83,Chapter 33 - The Prince's Tale,J.K. Rowling,Harry Potter and the Deathly Hallows,,Audio Book,33,2007,3768,3768624,24,16000,11328400,MPEG audio file,0,0,/Users/seant/Music/iTunes/iTunes Media/Music/J.K. Rowling/Harry Potter and the Deathly Hallows/33 Chapter 33 - The Prince's Tale.mp3,False,2017-12-17T18:41:43,10.8,True,mp3,J.K. Rowling_Harry Potter and the Deathly Hallows_Chapter 33 - The Prince's Tale_33,True,True
17,Chapter 34 - The Forest Again,J.K. Rowling,Harry Potter and the Deathly Hallows,,Audio Book,34,2007,1767,1767636,24,16000,5325436,MPEG audio file,0,0,/Users/seant/Music/iTunes/iTunes Media/Music/J.K. Rowling/Harry Potter and the Deathly Hallows/34 Chapter 34 - The Forest Again.mp3,False,2017-12-17T18:36:33,5.08,True,mp3,J.K. Rowling_Harry Potter and the Deathly Hallows_Chapter 34 - The Forest Again_34,True,True
281,Chapter 35 - King's Cross,J.K. Rowling,Harry Potter and the Deathly Hallows,,Audio Book,35,2007,2399,2399184,24,16000,7220080,MPEG audio file,0,0,/Users/seant/Music/iTunes/iTunes Media/Music/J.K. Rowling/Harry Potter and the Deathly Hallows/35 Chapter 35 - King's Cross.mp3,False,2017-12-17T18:56:46,6.89,True,mp3,J.K. Rowling_Harry Potter and the Deathly Hallows_Chapter 35 - King's Cross_35,True,True
175,Chapter 36 - The Flaw In The Plan,J.K. Rowling,Harry Potter and the Deathly Hallows,,Audio Book,36,2007,3420,3420216,24,16000,10283176,MPEG audio file,0,0,/Users/seant/Music/iTunes/iTunes Media/Music/J.K. Rowling/Harry Potter and the Deathly Hallows/36 Chapter 36 - The Flaw In The Plan.mp3,False,2017-12-17T18:47:53,9.81,True,mp3,J.K. Rowling_Harry Potter and the Deathly Hallows_Chapter 36 - The Flaw In The Plan_36,True,True
78,Epilogue - Nineteen Years Later,J.K. Rowling,Harry Potter and the Deathly Hallows,,Audio Book,37,2007,712,712368,24,16000,2159632,MPEG audio file,0,0,/Users/seant/Music/iTunes/iTunes Media/Music/J.K. Rowling/Harry Potter and the Deathly Hallows/37 Epilogue - Nineteen Years Later.mp3,False,2017-12-17T18:41:02,2.06,True,mp3,J.K. Rowling_Harry Potter and the Deathly Hallows_Epilogue - Nineteen Years Later_37,True,True
114,Chapter 01 - The Riddle House,J.K. Rowling,Harry Potter and the Goblet of Fire,,Audio Book,1,2000,1744,1744236,24,16000,5251140,MPEG audio file,0,0,/Users/seant/Music/iTunes/iTunes Media/Music/J.K. Rowling/Harry Potter and the Goblet of Fire/01 Chapter 01 - The Riddle House.mp3,False,2017-12-17T18:43:25,5.01,True,mp3,J.K. Rowling_Harry Potter and the Goblet of Fire_Chapter 01 - The Riddle House_1,True,True
284,Chapter 05 - Weasley's Wizarding Wheezes,J.K. Rowling,Harry Potter and the Goblet of Fire,,Audio Book,5,2000,1407,1407240,24,16000,4240152,MPEG audio file,0,0,/Users/seant/Music/iTunes/iTunes Media/Music/J.K. Rowling/Harry Potter and the Goblet of Fire/05 Chapter 05 - Weasley's Wizarding Wheezes.mp3,False,2017-12-17T18:57:12,4.04,True,mp3,J.K. Rowling_Harry Potter and the Goblet of Fire_Chapter 05 - Weasley's Wizarding Wheezes_5,True,True
332,Chapter 06 - The Portkey,J.K. Rowling,Harry Potter and the Goblet of Fire,,Audio Book,6,2000,883,883008,24,16000,2667456,MPEG audio file,0,0,/Users/seant/Music/iTunes/iTunes Media/Music/J.K. Rowling/Harry Potter and the Goblet of Fire/06 Chapter 06 - The Portkey.mp3,False,2017-12-17T19:04:00,2.54,True,mp3,J.K. Rowling_Harry Potter and the Goblet of Fire_Chapter 06 - The Portkey_6,True,True
94,Chapter 07 - Bagman and Crouch,J.K. Rowling,Harry Potter and the Goblet of Fire,,Audio Book,7,2000,2025,2025288,24,16000,6094296,MPEG audio file,0,0,/Users/seant/Music/iTunes/iTunes Media/Music/J.K. Rowling/Harry Potter and the Goblet of Fire/07 Chapter 07 - Bagman and Crouch.mp3,False,2017-12-17T18:41:52,5.81,True,mp3,J.K. Rowling_Harry Potter and the Goblet of Fire_Chapter 07 - Bagman and Crouch_7,True,True
23,Chapter 09 - The Dark Mark,J.K. Rowling,Harry Potter and the Goblet of Fire,,Audio Book,9,2000,2813,2813796,24,16000,8459820,MPEG audio file,0,0,/Users/seant/Music/iTunes/iTunes Media/Music/J.K. Rowling/Harry Potter and the Goblet of Fire/09 Chapter 09 - The Dark Mark.mp3,False,2017-12-17T18:36:52,8.07,True,mp3,J.K. Rowling_Harry Potter and the Goblet of Fire_Chapter 09 - The Dark Mark_9,True,True
61,Chapter 15 - Beauxbatons and Durmstrang,J.K. Rowling,Harry Potter and the Goblet of Fire,,Audio Book,15,2000,2100,2100924,24,16000,6321204,MPEG audio file,0,0,/Users/seant/Music/iTunes/iTunes Media/Music/J.K. Rowling/Harry Potter and the Goblet of Fire/15 Chapter 15 - Beauxbatons and Durmstrang.mp3,False,2017-12-17T18:40:13,6.03,True,mp3,J.K. Rowling_Harry Potter and the Goblet of Fire_Chapter 15 - Beauxbatons and Durmstrang_15,True,True
75,Chapter 19 - The Hungarian Horntail,J.K. Rowling,Harry Potter and the Goblet of Fire,,Audio Book,19,2000,2425,2425680,24,16000,7295472,MPEG audio file,0,0,/Users/seant/Music/iTunes/iTunes Media/Music/J.K. Rowling/Harry Potter and the Goblet of Fire/19 Chapter 19 - The Hungarian Horntail.mp3,False,2017-12-17T18:41:02,6.96,True,mp3,J.K. Rowling_Harry Potter and the Goblet of Fire_Chapter 19 - The Hungarian Horntail_19,True,True
278,Chapter 20 - The First Task,J.K. Rowling,Harry Potter and the Goblet of Fire,,Audio Book,20,2000,2779,2779416,24,16000,8356680,MPEG audio file,0,0,/Users/seant/Music/iTunes/iTunes Media/Music/J.K. Rowling/Harry Potter and the Goblet of Fire/20 Chapter 20 - The First Task.mp3,False,2017-12-17T18:56:31,7.97,True,mp3,J.K. Rowling_Harry Potter and the Goblet of Fire_Chapter 20 - The First Task_20,True,True
41,Chapter 23 - The Yule Ball,J.K. Rowling,Harry Potter and the Goblet of Fire,,Audio Book,23,2000,3017,3017556,24,16000,9071100,MPEG audio file,0,0,/Users/seant/Music/iTunes/iTunes Media/Music/J.K. Rowling/Harry Potter and the Goblet of Fire/23 Chapter 23 - The Yule Ball.mp3,False,2017-12-17T18:38:10,8.65,True,mp3,J.K. Rowling_Harry Potter and the Goblet of Fire_Chapter 23 - The Yule Ball_23,True,True
243,Chpater 28 - The Madness of Mr Crouch,J.K. Rowling,Harry Potter and the Goblet of Fire,,Audio Book,28,2000,2809,2809188,24,16000,8445996,MPEG audio file,0,0,/Users/seant/Music/iTunes/iTunes Media/Music/J.K. Rowling/Harry Potter and the Goblet of Fire/28 Chpater 28 - The Madness of Mr Crouch.mp3,False,2017-12-17T18:52:14,8.05,True,mp3,J.K. Rowling_Harry Potter and the Goblet of Fire_Chpater 28 - The Madness of Mr Crouch_28,True,True
8,Chapter 29 - The Dream,J.K. Rowling,Harry Potter and the Goblet of Fire,,Audio Book,29,2000,1631,1631520,24,16000,4912992,MPEG audio file,0,0,/Users/seant/Music/iTunes/iTunes Media/Music/J.K. Rowling/Harry Potter and the Goblet of Fire/29 Chapter 29 - The Dream.mp3,False,2017-12-17T18:36:20,4.69,True,mp3,J.K. Rowling_Harry Potter and the Goblet of Fire_Chapter 29 - The Dream_29,True,True
76,Chapter 31 - The Third Task,J.K. Rowling,Harry Potter and the Goblet of Fire,,Audio Book,31,2000,3067,3067668,24,16000,9221436,MPEG audio file,0,0,/Users/seant/Music/iTunes/iTunes Media/Music/J.K. Rowling/Harry Potter and the Goblet of Fire/31 Chapter 31 - The Third Task.mp3,False,2017-12-17T18:41:02,8.79,True,mp3,J.K. Rowling_Harry Potter and the Goblet of Fire_Chapter 31 - The Third Task_31,True,True
133,Chapter 33 - The Death Eaters,J.K. Rowling,Harry Potter and the Goblet of Fire,,Audio Book,33,2000,1852,1852092,24,16000,5574708,MPEG audio file,0,0,/Users/seant/Music/iTunes/iTunes Media/Music/J.K. Rowling/Harry Potter and the Goblet of Fire/33 Chapter 33 - The Death Eaters.mp3,False,2017-12-17T18:44:03,5.32,True,mp3,J.K. Rowling_Harry Potter and the Goblet of Fire_Chapter 33 - The Death Eaters_33,True,True
222,Chapter 34 - Priori Incantatem,J.K. Rowling,Harry Potter and the Goblet of Fire,,Audio Book,34,2000,1252,1252692,24,16000,3776508,MPEG audio file,0,0,/Users/seant/Music/iTunes/iTunes Media/Music/J.K. Rowling/Harry Potter and the Goblet of Fire/34 Chapter 34 - Priori Incantatem.mp3,False,2017-12-17T18:50:51,3.6,True,mp3,J.K. Rowling_Harry Potter and the Goblet of Fire_Chapter 34 - Priori Incantatem_34,True,True
113,Chapter 35 - Veritaserum,J.K. Rowling,Harry Potter and the Goblet of Fire,,Audio Book,35,2000,2477,2477412,24,16000,7450668,MPEG audio file,0,0,/Users/seant/Music/iTunes/iTunes Media/Music/J.K. Rowling/Harry Potter and the Goblet of Fire/35 Chapter 35 - Veritaserum.mp3,False,2017-12-17T18:43:24,7.11,True,mp3,J.K. Rowling_Harry Potter and the Goblet of Fire_Chapter 35 - Veritaserum_35,True,True
176,Chapter 36 - The Parting of the Ways,J.K. Rowling,Harry Potter and the Goblet of Fire,,Audio Book,36,2000,2477,2477412,24,16000,7450668,MPEG audio file,0,0,/Users/seant/Music/iTunes/iTunes Media/Music/J.K. Rowling/Harry Potter and the Goblet of Fire/36 Chapter 36 - The Parting of the Ways.mp3,False,2017-12-17T18:47:54,7.11,True,mp3,J.K. Rowling_Harry Potter and the Goblet of Fire_Chapter 36 - The Parting of the Ways_36,True,True
161,Chapter 01 - The Other Minister,J.K. Rowling,Harry Potter and the Half Blood Prince,,Audio Book,1,2005,2261,2261844,24,16000,6812156,MPEG audio file,0,0,/Users/seant/Music/iTunes/iTunes Media/Music/J.K. Rowling/Harry Potter and the Half Blood Prince/01 Chapter 01 - The Other Minister.mp3,False,2017-12-17T18:46:18,6.5,True,mp3,J.K. Rowling_Harry Potter and the Half Blood Prince_Chapter 01 - The Other Minister_1,True,True
112,Chapter 04 - Horace Slughorn,J.K. Rowling,Harry Potter and the Half Blood Prince,,Audio Book,4,2005,2687,2687832,24,16000,8090120,MPEG audio file,0,0,/Users/seant/Music/iTunes/iTunes Media/Music/J.K. Rowling/Harry Potter and the Half Blood Prince/04 Chapter 04 - Horace Slughorn.mp3,False,2017-12-17T18:43:24,7.72,True,mp3,J.K. Rowling_Harry Potter and the Half Blood Prince_Chapter 04 - Horace Slughorn_4,True,True
373,Chapter 05 - An Excess of Phlegm,J.K. Rowling,Harry Potter and the Half Blood Prince,,Audio Book,5,2005,2627,2627928,24,16000,7910408,MPEG audio file,0,0,/Users/seant/Music/iTunes/iTunes Media/Music/J.K. Rowling/Harry Potter and the Half Blood Prince/05 Chapter 05 - An Excess of Phlegm.mp3,False,2017-12-17T19:07:29,7.54,True,mp3,J.K. Rowling_Harry Potter and the Half Blood Prince_Chapter 05 - An Excess of Phlegm_5,True,True
250,Chapter 06 - Draco's Detour,J.K. Rowling,Harry Potter and the Half Blood Prince,,Audio Book,6,2005,2500,2500452,24,16000,7527980,MPEG audio file,0,0,/Users/seant/Music/iTunes/iTunes Media/Music/J.K. Rowling/Harry Potter and the Half Blood Prince/06 Chapter 06 - Draco's Detour.mp3,False,2017-12-17T18:52:49,7.18,True,mp3,J.K. Rowling_Harry Potter and the Half Blood Prince_Chapter 06 - Draco's Detour_6,True,True
48,Chapter 07 - The Slug Club,J.K. Rowling,Harry Potter and the Half Blood Prince,,Audio Book,7,2005,2685,2685276,24,16000,8082452,MPEG audio file,0,0,/Users/seant/Music/iTunes/iTunes Media/Music/J.K. Rowling/Harry Potter and the Half Blood Prince/07 Chapter 07 - The Slug Club.mp3,False,2017-12-17T18:39:37,7.71,True,mp3,J.K. Rowling_Harry Potter and the Half Blood Prince_Chapter 07 - The Slug Club_7,True,True
99,Chapter 08 - Snape Victorious,J.K. Rowling,Harry Potter and the Half Blood Prince,,Audio Book,8,2005,1772,1772748,24,16000,5344868,MPEG audio file,0,0,/Users/seant/Music/iTunes/iTunes Media/Music/J.K. Rowling/Harry Potter and the Half Blood Prince/08 Chapter 08 - Snape Victorious.mp3,False,2017-12-17T18:42:37,5.1,True,mp3,J.K. Rowling_Harry Potter and the Half Blood Prince_Chapter 08 - Snape Victorious_8,True,True
249,Chapter 09 - The Half-Blood Prince,J.K. Rowling,Harry Potter and the Half Blood Prince,,Audio Book,9,2005,2526,2526336,24,16000,7605632,MPEG audio file,0,0,/Users/seant/Music/iTunes/iTunes Media/Music/J.K. Rowling/Harry Potter and the Half Blood Prince/09 Chapter 09 - The Half-Blood Prince.mp3,False,2017-12-17T18:52:23,7.25,True,mp3,J.K. Rowling_Harry Potter and the Half Blood Prince_Chapter 09 - The Half-Blood Prince_9,True,True
16,Chapter 14 - Felix Felicis,J.K. Rowling,Harry Potter and the Half Blood Prince,,Audio Book,14,2005,2795,2795868,24,16000,8414228,MPEG audio file,0,0,/Users/seant/Music/iTunes/iTunes Media/Music/J.K. Rowling/Harry Potter and the Half Blood Prince/14 Chapter 14 - Felix Felicis.mp3,False,2017-12-17T18:36:33,8.02,True,mp3,J.K. Rowling_Harry Potter and the Half Blood Prince_Chapter 14 - Felix Felicis_14,True,True
206,Chapter 15 - The Unbreakable Vow,J.K. Rowling,Harry Potter and the Half Blood Prince,,Audio Book,15,2005,2558,2558124,24,16000,7700996,MPEG audio file,0,0,/Users/seant/Music/iTunes/iTunes Media/Music/J.K. Rowling/Harry Potter and the Half Blood Prince/15 Chapter 15 - The Unbreakable Vow.mp3,False,2017-12-17T18:49:32,7.34,True,mp3,J.K. Rowling_Harry Potter and the Half Blood Prince_Chapter 15 - The Unbreakable Vow_15,True,True
306,Chapter 16 - A Very Frosty Christmas,J.K. Rowling,Harry Potter and the Half Blood Prince,,Audio Book,16,2005,2629,2629872,24,16000,7916240,MPEG audio file,0,0,/Users/seant/Music/iTunes/iTunes Media/Music/J.K. Rowling/Harry Potter and the Half Blood Prince/16 Chapter 16 - A Very Frosty Christmas.mp3,False,2017-12-17T19:01:37,7.55,True,mp3,J.K. Rowling_Harry Potter and the Half Blood Prince_Chapter 16 - A Very Frosty Christmas_16,True,True
296,Chapter 18 - Birthday Surprises,J.K. Rowling,Harry Potter and the Half Blood Prince,,Audio Book,18,2005,2862,2862756,24,16000,8614892,MPEG audio file,0,0,/Users/seant/Music/iTunes/iTunes Media/Music/J.K. Rowling/Harry Potter and the Half Blood Prince/18 Chapter 18 - Birthday Surprises.mp3,False,2017-12-17T19:00:40,8.22,True,mp3,J.K. Rowling_Harry Potter and the Half Blood Prince_Chapter 18 - Birthday Surprises_18,True,True
323,Chapter 19 - Elf Tails,J.K. Rowling,Harry Potter and the Half Blood Prince,,Audio Book,19,2005,2586,2586240,24,16000,7785344,MPEG audio file,0,0,/Users/seant/Music/iTunes/iTunes Media/Music/J.K. Rowling/Harry Potter and the Half Blood Prince/19 Chapter 19 - Elf Tails.mp3,False,2017-12-17T19:03:17,7.42,True,mp3,J.K. Rowling_Harry Potter and the Half Blood Prince_Chapter 19 - Elf Tails_19,True,True
88,Chapter 21 - The Unknowable Room,J.K. Rowling,Harry Potter and the Half Blood Prince,,Audio Book,21,2005,2372,2372940,24,16000,7145444,MPEG audio file,0,0,/Users/seant/Music/iTunes/iTunes Media/Music/J.K. Rowling/Harry Potter and the Half Blood Prince/21 Chapter 21 - The Unknowable Room.mp3,False,2017-12-17T18:41:45,6.81,True,mp3,J.K. Rowling_Harry Potter and the Half Blood Prince_Chapter 21 - The Unknowable Room_21,True,True
289,Chapter 22 - After the Burial,J.K. Rowling,Harry Potter and the Half Blood Prince,,Audio Book,22,2005,2664,2664792,24,16000,8021000,MPEG audio file,0,0,/Users/seant/Music/iTunes/iTunes Media/Music/J.K. Rowling/Harry Potter and the Half Blood Prince/22 Chapter 22 - After the Burial.mp3,False,2017-12-17T18:57:50,7.65,True,mp3,J.K. Rowling_Harry Potter and the Half Blood Prince_Chapter 22 - After the Burial_22,True,True
28,Chapter 23 - Horcruxes,J.K. Rowling,Harry Potter and the Half Blood Prince,,Audio Book,23,2005,2578,2578572,24,16000,7762340,MPEG audio file,0,0,/Users/seant/Music/iTunes/iTunes Media/Music/J.K. Rowling/Harry Potter and the Half Blood Prince/23 Chapter 23 - Horcruxes.mp3,False,2017-12-17T18:37:11,7.4,True,mp3,J.K. Rowling_Harry Potter and the Half Blood Prince_Chapter 23 - Horcruxes_23,True,True
356,Chapter 24 - Sectumsempra,J.K. Rowling,Harry Potter and the Half Blood Prince,,Audio Book,24,2005,2586,2586960,24,16000,7787504,MPEG audio file,0,0,/Users/seant/Music/iTunes/iTunes Media/Music/J.K. Rowling/Harry Potter and the Half Blood Prince/24 Chapter 24 - Sectumsempra.mp3,False,2017-12-17T19:05:59,7.43,True,mp3,J.K. Rowling_Harry Potter and the Half Blood Prince_Chapter 24 - Sectumsempra_24,True,True
101,Chapter 26 - The Cave,J.K. Rowling,Harry Potter and the Half Blood Prince,,Audio Book,26,2005,2787,2787156,24,16000,8388092,MPEG audio file,0,0,/Users/seant/Music/iTunes/iTunes Media/Music/J.K. Rowling/Harry Potter and the Half Blood Prince/26 Chapter 26 - The Cave.mp3,False,2017-12-17T18:42:38,8.0,True,mp3,J.K. Rowling_Harry Potter and the Half Blood Prince_Chapter 26 - The Cave_26,True,True
295,Chapter 27 - The Lightning-Struck Tower,J.K. Rowling,Harry Potter and the Half Blood Prince,,Audio Book,27,2005,2026,2026836,24,16000,6107132,MPEG audio file,0,0,/Users/seant/Music/iTunes/iTunes Media/Music/J.K. Rowling/Harry Potter and the Half Blood Prince/27 Chapter 27 - The Lightning-Struck Tower.mp3,False,2017-12-17T18:59:03,5.82,True,mp3,J.K. Rowling_Harry Potter and the Half Blood Prince_Chapter 27 - The Lightning-Struck Tower_27,True,True
80,Chapter 29 - The Phoenix Lament,J.K. Rowling,Harry Potter and the Half Blood Prince,,Audio Book,29,2005,2482,2482524,24,16000,7474196,MPEG audio file,0,0,/Users/seant/Music/iTunes/iTunes Media/Music/J.K. Rowling/Harry Potter and the Half Blood Prince/29 Chapter 29 - The Phoenix Lament.mp3,False,2017-12-17T18:41:02,7.13,True,mp3,J.K. Rowling_Harry Potter and the Half Blood Prince_Chapter 29 - The Phoenix Lament_29,True,True
271,Chapter 01 - Dudley Demented,J.K. Rowling,Harry Potter and the Order of the Phoenix,,Audio Book,1,2003,2472,2472300,24,16000,7441476,MPEG audio file,0,0,/Users/seant/Music/iTunes/iTunes Media/Music/J.K. Rowling/Harry Potter and the Order of the Phoenix/01 Chapter 01 - Dudley Demented.mp3,False,2017-12-17T18:55:21,7.1,True,mp3,J.K. Rowling_Harry Potter and the Order of the Phoenix_Chapter 01 - Dudley Demented_1,True,True
110,Chapter 02 - A Peck of Owls,J.K. Rowling,Harry Potter and the Order of the Phoenix,,Audio Book,2,2003,2533,2533536,24,16000,7625184,MPEG audio file,0,0,/Users/seant/Music/iTunes/iTunes Media/Music/J.K. Rowling/Harry Potter and the Order of the Phoenix/02 Chapter 02 - A Peck of Owls.mp3,False,2017-12-17T18:43:24,7.27,True,mp3,J.K. Rowling_Harry Potter and the Order of the Phoenix_Chapter 02 - A Peck of Owls_2,True,True
299,Chapter 05 - The Order of the Phoenix,J.K. Rowling,Harry Potter and the Order of the Phoenix,,Audio Book,5,2003,2078,2078028,24,16000,6258660,MPEG audio file,0,0,/Users/seant/Music/iTunes/iTunes Media/Music/J.K. Rowling/Harry Potter and the Order of the Phoenix/05 Chapter 05 - The Order of the Phoenix.mp3,False,2017-12-17T19:00:52,5.97,True,mp3,J.K. Rowling_Harry Potter and the Order of the Phoenix_Chapter 05 - The Order of the Phoenix_5,True,True
304,Chapter 07 - The Ministry of Magic,J.K. Rowling,Harry Potter and the Order of the Phoenix,,Audio Book,7,2003,1863,1863000,24,16000,5613576,MPEG audio file,0,0,/Users/seant/Music/iTunes/iTunes Media/Music/J.K. Rowling/Harry Potter and the Order of the Phoenix/07 Chapter 07 - The Ministry of Magic.mp3,False,2017-12-17T19:01:37,5.35,True,mp3,J.K. Rowling_Harry Potter and the Order of the Phoenix_Chapter 07 - The Ministry of Magic_7,True,True
103,Chapter 14 - Percy and Padfoot,J.K. Rowling,Harry Potter and the Order of the Phoenix,,Audio Book,14,2003,3225,3225420,24,16000,9700836,MPEG audio file,0,0,/Users/seant/Music/iTunes/iTunes Media/Music/J.K. Rowling/Harry Potter and the Order of the Phoenix/14 Chapter 14 - Percy and Padfoot.mp3,False,2017-12-17T18:42:38,9.25,True,mp3,J.K. Rowling_Harry Potter and the Order of the Phoenix_Chapter 14 - Percy and Padfoot_14,True,True
245,Chapter 15 - The Hogwarts High Inquisitor,J.K. Rowling,Harry Potter and the Order of the Phoenix,,Audio Book,15,2003,2914,2914128,24,16000,8766960,MPEG audio file,0,0,/Users/seant/Music/iTunes/iTunes Media/Music/J.K. Rowling/Harry Potter and the Order of the Phoenix/15 Chapter 15 - The Hogwarts High Inquisitor.mp3,False,2017-12-17T18:52:14,8.36,True,mp3,J.K. Rowling_Harry Potter and the Order of the Phoenix_Chapter 15 - The Hogwarts High Inquisitor_15,True,True
205,Chapter 16 -In The Hog's Head,J.K. Rowling,Harry Potter and the Order of the Phoenix,,Audio Book,16,2003,2280,2280060,24,16000,6864756,MPEG audio file,0,0,/Users/seant/Music/iTunes/iTunes Media/Music/J.K. Rowling/Harry Potter and the Order of the Phoenix/16 Chapter 16 -In The Hog's Head.mp3,False,2017-12-17T18:49:32,6.55,True,mp3,J.K. Rowling_Harry Potter and the Order of the Phoenix_Chapter 16 -In The Hog's Head_16,True,True
27,Chapter 17 - Educational Decree Number Twenty-Four,J.K. Rowling,Harry Potter and the Order of the Phoenix,,Audio Book,17,2003,2762,2762604,24,16000,8312388,MPEG audio file,0,0,/Users/seant/Music/iTunes/iTunes Media/Music/J.K. Rowling/Harry Potter and the Order of the Phoenix/17 Chapter 17 - Educational Decree Number Twenty-Four.mp3,False,2017-12-17T18:37:11,7.93,True,mp3,J.K. Rowling_Harry Potter and the Order of the Phoenix_Chapter 17 - Educational Decree Number Twenty-Four_17,True,True
338,Chapter 18 - Dumbledore's Army,J.K. Rowling,Harry Potter and the Order of the Phoenix,,Audio Book,18,2003,2796,2796228,24,16000,8413260,MPEG audio file,0,0,/Users/seant/Music/iTunes/iTunes Media/Music/J.K. Rowling/Harry Potter and the Order of the Phoenix/18 Chapter 18 - Dumbledore's Army.mp3,False,2017-12-17T19:04:31,8.02,True,mp3,J.K. Rowling_Harry Potter and the Order of the Phoenix_Chapter 18 - Dumbledore's Army_18,True,True
147,Chapter 19 - The Lion and the Serpent,J.K. Rowling,Harry Potter and the Order of the Phoenix,,Audio Book,19,2003,2693,2693988,24,16000,8106540,MPEG audio file,0,0,/Users/seant/Music/iTunes/iTunes Media/Music/J.K. Rowling/Harry Potter and the Order of the Phoenix/19 Chapter 19 - The Lion and the Serpent.mp3,False,2017-12-17T18:45:13,7.73,True,mp3,J.K. Rowling_Harry Potter and the Order of the Phoenix_Chapter 19 - The Lion and the Serpent_19,True,True
262,Chapter 20 - Hagrid's Tale,J.K. Rowling,Harry Potter and the Order of the Phoenix,,Audio Book,20,2003,2383,2383200,24,16000,7174176,MPEG audio file,0,0,/Users/seant/Music/iTunes/iTunes Media/Music/J.K. Rowling/Harry Potter and the Order of the Phoenix/20 Chapter 20 - Hagrid's Tale.mp3,False,2017-12-17T18:54:45,6.84,True,mp3,J.K. Rowling_Harry Potter and the Order of the Phoenix_Chapter 20 - Hagrid's Tale_20,True,True
70,Chapter 24 - Occlumency,J.K. Rowling,Harry Potter and the Order of the Phoenix,,Audio Book,24,2003,3401,3401064,24,16000,10227768,MPEG audio file,0,0,/Users/seant/Music/iTunes/iTunes Media/Music/J.K. Rowling/Harry Potter and the Order of the Phoenix/24 Chapter 24 - Occlumency.mp3,False,2017-12-17T18:40:36,9.75,True,mp3,J.K. Rowling_Harry Potter and the Order of the Phoenix_Chapter 24 - Occlumency_24,True,True
344,Chapter 26 - Seen and Unforeseen,J.K. Rowling,Harry Potter and the Order of the Phoenix,,Audio Book,26,2003,3411,3411792,24,16000,10259952,MPEG audio file,0,0,/Users/seant/Music/iTunes/iTunes Media/Music/J.K. Rowling/Harry Potter and the Order of the Phoenix/26 Chapter 26 - Seen and Unforeseen.mp3,False,2017-12-17T19:04:59,9.78,True,mp3,J.K. Rowling_Harry Potter and the Order of the Phoenix_Chapter 26 - Seen and Unforeseen_26,True,True
340,Chapter 27 - The Centaur and the Sneak,J.K. Rowling,Harry Potter and the Order of the Phoenix,,Audio Book,27,2003,3122,3122784,24,16000,9392928,MPEG audio file,0,0,/Users/seant/Music/iTunes/iTunes Media/Music/J.K. Rowling/Harry Potter and the Order of the Phoenix/27 Chapter 27 - The Centaur and the Sneak.mp3,False,2017-12-17T19:04:38,8.96,True,mp3,J.K. Rowling_Harry Potter and the Order of the Phoenix_Chapter 27 - The Centaur and the Sneak_27,True,True
220,Chapter 28 - Snape's Worst Memory,J.K. Rowling,Harry Potter and the Order of the Phoenix,,Audio Book,28,2003,3301,3301704,24,16000,9929688,MPEG audio file,0,0,/Users/seant/Music/iTunes/iTunes Media/Music/J.K. Rowling/Harry Potter and the Order of the Phoenix/28 Chapter 28 - Snape's Worst Memory.mp3,False,2017-12-17T18:50:50,9.47,True,mp3,J.K. Rowling_Harry Potter and the Order of the Phoenix_Chapter 28 - Snape's Worst Memory_28,True,True
374,Chapter 29 - Career Advice,J.K. Rowling,Harry Potter and the Order of the Phoenix,,Audio Book,29,2003,2987,2987748,24,16000,8987820,MPEG audio file,0,0,/Users/seant/Music/iTunes/iTunes Media/Music/J.K. Rowling/Harry Potter and the Order of the Phoenix/29 Chapter 29 - Career Advice.mp3,False,2017-12-17T19:07:30,8.57,True,mp3,J.K. Rowling_Harry Potter and the Order of the Phoenix_Chapter 29 - Career Advice_29,True,True
37,Chapter 30 - Grawp,J.K. Rowling,Harry Potter and the Order of the Phoenix,,Audio Book,30,2003,3275,3275892,24,16000,9852252,MPEG audio file,0,0,/Users/seant/Music/iTunes/iTunes Media/Music/J.K. Rowling/Harry Potter and the Order of the Phoenix/30 Chapter 30 - Grawp.mp3,False,2017-12-17T18:37:35,9.4,True,mp3,J.K. Rowling_Harry Potter and the Order of the Phoenix_Chapter 30 - Grawp_30,True,True
227,Chapter 32 - Out of the Fire,J.K. Rowling,Harry Potter and the Order of the Phoenix,,Audio Book,32,2003,2476,2476908,24,16000,7455300,MPEG audio file,0,0,/Users/seant/Music/iTunes/iTunes Media/Music/J.K. Rowling/Harry Potter and the Order of the Phoenix/32 Chapter 32 - Out of the Fire.mp3,False,2017-12-17T18:51:04,7.11,True,mp3,J.K. Rowling_Harry Potter and the Order of the Phoenix_Chapter 32 - Out of the Fire_32,True,True
273,Chapter 33 - Fight and Flight,J.K. Rowling,Harry Potter and the Order of the Phoenix,,Audio Book,33,2003,1632,1632348,24,16000,4921620,MPEG audio file,0,0,/Users/seant/Music/iTunes/iTunes Media/Music/J.K. Rowling/Harry Potter and the Order of the Phoenix/33 Chapter 33 - Fight and Flight.mp3,False,2017-12-17T18:55:37,4.69,True,mp3,J.K. Rowling_Harry Potter and the Order of the Phoenix_Chapter 33 - Fight and Flight_33,True,True
169,Chapter 34 - The Department of Mysteries,J.K. Rowling,Harry Potter and the Order of the Phoenix,,Audio Book,34,2003,2188,2188476,24,16000,6590004,MPEG audio file,0,0,/Users/seant/Music/iTunes/iTunes Media/Music/J.K. Rowling/Harry Potter and the Order of the Phoenix/34 Chapter 34 - The Department of Mysteries.mp3,False,2017-12-17T18:47:14,6.28,True,mp3,J.K. Rowling_Harry Potter and the Order of the Phoenix_Chapter 34 - The Department of Mysteries_34,True,True
18,Chapter 35 - Beyond the Veil,J.K. Rowling,Harry Potter and the Order of the Phoenix,,Audio Book,35,2003,3288,3288420,24,16000,9889836,MPEG audio file,0,0,/Users/seant/Music/iTunes/iTunes Media/Music/J.K. Rowling/Harry Potter and the Order of the Phoenix/35 Chapter 35 - Beyond the Veil.mp3,False,2017-12-17T18:36:34,9.43,True,mp3,J.K. Rowling_Harry Potter and the Order of the Phoenix_Chapter 35 - Beyond the Veil_35,True,True
86,Chapter 36 - The Only One He Ever Feared,J.K. Rowling,Harry Potter and the Order of the Phoenix,,Audio Book,36,2003,1718,1718604,24,16000,5180388,MPEG audio file,0,0,/Users/seant/Music/iTunes/iTunes Media/Music/J.K. Rowling/Harry Potter and the Order of the Phoenix/36 Chapter 36 - The Only One He Ever Feared.mp3,False,2017-12-17T18:41:44,4.94,True,mp3,J.K. Rowling_Harry Potter and the Order of the Phoenix_Chapter 36 - The Only One He Ever Feared_36,True,True
121,Chapter 38 - The Second War Begins,J.K. Rowling,Harry Potter and the Order of the Phoenix,,Audio Book,38,2003,3022,3022668,24,16000,9092580,MPEG audio file,0,0,/Users/seant/Music/iTunes/iTunes Media/Music/J.K. Rowling/Harry Potter and the Order of the Phoenix/38 Chapter 38 - The Second War Begins.mp3,False,2017-12-17T18:43:26,8.67,True,mp3,J.K. Rowling_Harry Potter and the Order of the Phoenix_Chapter 38 - The Second War Begins_38,True,True
343,Chapter 01 - The Boy Who Lived,J.K. Rowling,Harry Potter and the Philosophers Stone,,Audio Book,1,1997,1913,1913076,24,16000,5761756,MPEG audio file,0,0,/Users/seant/Music/iTunes/iTunes Media/Music/J.K. Rowling/Harry Potter and the Philosophers Stone/01 Chapter 01 - The Boy Who Lived.mp3,False,2017-12-17T19:04:59,5.49,True,mp3,J.K. Rowling_Harry Potter and the Philosophers Stone_Chapter 01 - The Boy Who Lived_1,True,True
157,Chapter 02 - The Vanishing Glass,J.K. Rowling,Harry Potter and the Philosophers Stone,,Audio Book,2,1997,1334,1334052,24,16000,4024684,MPEG audio file,0,0,/Users/seant/Music/iTunes/iTunes Media/Music/J.K. Rowling/Harry Potter and the Philosophers Stone/02 Chapter 02 - The Vanishing Glass.mp3,False,2017-12-17T18:46:16,3.84,True,mp3,J.K. Rowling_Harry Potter and the Philosophers Stone_Chapter 02 - The Vanishing Glass_2,True,True
218,Chapter 05 - Diagon Alley,J.K. Rowling,Harry Potter and the Philosophers Stone,,Audio Book,5,1997,2641,2641752,24,16000,7947784,MPEG audio file,0,0,/Users/seant/Music/iTunes/iTunes Media/Music/J.K. Rowling/Harry Potter and the Philosophers Stone/05 Chapter 05 - Diagon Alley.mp3,False,2017-12-17T18:50:19,7.58,True,mp3,J.K. Rowling_Harry Potter and the Philosophers Stone_Chapter 05 - Diagon Alley_5,True,True
293,Chapter 06 - The Journey From Platform Nine and Three Quarters,J.K. Rowling,Harry Potter and the Philosophers Stone,,Audio Book,6,1997,2288,2288484,24,16000,6890028,MPEG audio file,0,0,/Users/seant/Music/iTunes/iTunes Media/Music/J.K. Rowling/Harry Potter and the Philosophers Stone/06 Chapter 06 - The Journey From Platform Nine and Three Quarters.mp3,False,2017-12-17T18:58:44,6.57,True,mp3,J.K. Rowling_Harry Potter and the Philosophers Stone_Chapter 06 - The Journey From Platform Nine and Three Quarters_6,True,True
337,Chapter 07 - The Sorting Hat,J.K. Rowling,Harry Potter and the Philosophers Stone,,Audio Book,7,1997,1776,1776852,24,16000,5353084,MPEG audio file,0,0,/Users/seant/Music/iTunes/iTunes Media/Music/J.K. Rowling/Harry Potter and the Philosophers Stone/07 Chapter 07 - The Sorting Hat.mp3,False,2017-12-17T19:04:31,5.11,True,mp3,J.K. Rowling_Harry Potter and the Philosophers Stone_Chapter 07 - The Sorting Hat_7,True,True
137,Chapter 09 - The Midnight Duel,J.K. Rowling,Harry Potter and the Philosophers Stone,,Audio Book,9,1997,1839,1839420,24,16000,5540788,MPEG audio file,0,0,/Users/seant/Music/iTunes/iTunes Media/Music/J.K. Rowling/Harry Potter and the Philosophers Stone/09 Chapter 09 - The Midnight Duel.mp3,False,2017-12-17T18:45:00,5.28,True,mp3,J.K. Rowling_Harry Potter and the Philosophers Stone_Chapter 09 - The Midnight Duel_9,True,True
322,Chapter 10 - Hallowe'en,J.K. Rowling,Harry Potter and the Philosophers Stone,,Audio Book,10,1997,1557,1557144,24,16000,4693960,MPEG audio file,0,0,/Users/seant/Music/iTunes/iTunes Media/Music/J.K. Rowling/Harry Potter and the Philosophers Stone/10 Chapter 10 - Hallowe'en.mp3,False,2017-12-17T19:03:17,4.48,True,mp3,J.K. Rowling_Harry Potter and the Philosophers Stone_Chapter 10 - Hallowe'en_10,True,True
256,Chapter 11 - Quidditch,J.K. Rowling,Harry Potter and the Philosophers Stone,,Audio Book,11,1997,1208,1208664,24,16000,3648520,MPEG audio file,0,0,/Users/seant/Music/iTunes/iTunes Media/Music/J.K. Rowling/Harry Potter and the Philosophers Stone/11 Chapter 11 - Quidditch.mp3,False,2017-12-17T18:53:51,3.48,True,mp3,J.K. Rowling_Harry Potter and the Philosophers Stone_Chapter 11 - Quidditch_11,True,True
145,Chapter 12 - The Mirror of Erised,J.K. Rowling,Harry Potter and the Philosophers Stone,,Audio Book,12,1997,2060,2060388,24,16000,6203692,MPEG audio file,0,0,/Users/seant/Music/iTunes/iTunes Media/Music/J.K. Rowling/Harry Potter and the Philosophers Stone/12 Chapter 12 - The Mirror of Erised.mp3,False,2017-12-17T18:45:13,5.92,True,mp3,J.K. Rowling_Harry Potter and the Philosophers Stone_Chapter 12 - The Mirror of Erised_12,True,True
11,Chapter 13 - Nicolas Flamel,J.K. Rowling,Harry Potter and the Philosophers Stone,,Audio Book,13,1997,1213,1213776,24,16000,3663856,MPEG audio file,0,0,/Users/seant/Music/iTunes/iTunes Media/Music/J.K. Rowling/Harry Potter and the Philosophers Stone/13 Chapter 13 - Nicolas Flamel.mp3,False,2017-12-17T18:36:20,3.49,True,mp3,J.K. Rowling_Harry Potter and the Philosophers Stone_Chapter 13 - Nicolas Flamel_13,True,True
47,Chapter 15 - The Forbidden Forest,J.K. Rowling,Harry Potter and the Philosophers Stone,,Audio Book,15,1997,2056,2056032,24,16000,6190624,MPEG audio file,0,0,/Users/seant/Music/iTunes/iTunes Media/Music/J.K. Rowling/Harry Potter and the Philosophers Stone/15 Chapter 15 - The Forbidden Forest.mp3,False,2017-12-17T18:39:37,5.9,True,mp3,J.K. Rowling_Harry Potter and the Philosophers Stone_Chapter 15 - The Forbidden Forest_15,True,True
200,Chapter 16 - Through the Trapdoor,J.K. Rowling,Harry Potter and the Philosophers Stone,,Audio Book,16,1997,2580,2580840,24,16000,7765048,MPEG audio file,0,0,/Users/seant/Music/iTunes/iTunes Media/Music/J.K. Rowling/Harry Potter and the Philosophers Stone/16 Chapter 16 - Through the Trapdoor.mp3,False,2017-12-17T18:49:30,7.41,True,mp3,J.K. Rowling_Harry Potter and the Philosophers Stone_Chapter 16 - Through the Trapdoor_16,True,True
315,Chapter 17 - The Man With Two Faces,J.K. Rowling,Harry Potter and the Philosophers Stone,,Audio Book,17,1997,2299,2299752,24,16000,6921784,MPEG audio file,0,0,/Users/seant/Music/iTunes/iTunes Media/Music/J.K. Rowling/Harry Potter and the Philosophers Stone/17 Chapter 17 - The Man With Two Faces.mp3,False,2017-12-17T19:02:35,6.6,True,mp3,J.K. Rowling_Harry Potter and the Philosophers Stone_Chapter 17 - The Man With Two Faces_17,True,True
207,Chapter 01 - Owl Post,J.K. Rowling,Harry Potter and the Prisoner of Azkaban,,Audio Book,1,1999,1546,1546920,24,16000,4657144,MPEG audio file,0,0,/Users/seant/Music/iTunes/iTunes Media/Music/J.K. Rowling/Harry Potter and the Prisoner of Azkaban/01 Chapter 01 - Owl Post.mp3,False,2017-12-17T18:49:32,4.44,True,mp3,J.K. Rowling_Harry Potter and the Prisoner of Azkaban_Chapter 01 - Owl Post_1,True,True
5,Chapter 03 - The Knight Bus,J.K. Rowling,Harry Potter and the Prisoner of Azkaban,,Audio Book,3,1999,1820,1820412,24,16000,5477620,MPEG audio file,0,0,/Users/seant/Music/iTunes/iTunes Media/Music/J.K. Rowling/Harry Potter and the Prisoner of Azkaban/03 Chapter 03 - The Knight Bus.mp3,False,2017-12-17T18:36:18,5.22,True,mp3,J.K. Rowling_Harry Potter and the Prisoner of Azkaban_Chapter 03 - The Knight Bus_3,True,True
244,Chapter 04 - The Leaky Cauldron,J.K. Rowling,Harry Potter and the Prisoner of Azkaban,,Audio Book,4,1999,2072,2072412,24,16000,6233620,MPEG audio file,0,0,/Users/seant/Music/iTunes/iTunes Media/Music/J.K. Rowling/Harry Potter and the Prisoner of Azkaban/04 Chapter 04 - The Leaky Cauldron.mp3,False,2017-12-17T18:52:14,5.94,True,mp3,J.K. Rowling_Harry Potter and the Prisoner of Azkaban_Chapter 04 - The Leaky Cauldron_4,True,True
336,Chapter 05 - The Dementor,J.K. Rowling,Harry Potter and the Prisoner of Azkaban,,Audio Book,5,1999,2748,2748204,24,16000,8260996,MPEG audio file,0,0,/Users/seant/Music/iTunes/iTunes Media/Music/J.K. Rowling/Harry Potter and the Prisoner of Azkaban/05 Chapter 05 - The Dementor.mp3,False,2017-12-17T19:04:30,7.88,True,mp3,J.K. Rowling_Harry Potter and the Prisoner of Azkaban_Chapter 05 - The Dementor_5,True,True
120,Chapter 06 - Talons And Tea Leaves,J.K. Rowling,Harry Potter and the Prisoner of Azkaban,,Audio Book,6,1999,2780,2780496,24,16000,8357872,MPEG audio file,0,0,/Users/seant/Music/iTunes/iTunes Media/Music/J.K. Rowling/Harry Potter and the Prisoner of Azkaban/06 Chapter 06 - Talons And Tea Leaves.mp3,False,2017-12-17T18:43:26,7.97,True,mp3,J.K. Rowling_Harry Potter and the Prisoner of Azkaban_Chapter 06 - Talons And Tea Leaves_6,True,True
9,Chapter 07 - The Boggart In The Wardrobe,J.K. Rowling,Harry Potter and the Prisoner of Azkaban,,Audio Book,7,1999,1830,1830060,24,16000,5506564,MPEG audio file,0,0,/Users/seant/Music/iTunes/iTunes Media/Music/J.K. Rowling/Harry Potter and the Prisoner of Azkaban/07 Chapter 07 - The Boggart In The Wardrobe.mp3,False,2017-12-17T18:36:20,5.25,True,mp3,J.K. Rowling_Harry Potter and the Prisoner of Azkaban_Chapter 07 - The Boggart In The Wardrobe_7,True,True
280,Chapter 09 - Grim Defeat,J.K. Rowling,Harry Potter and the Prisoner of Azkaban,,Audio Book,9,1999,2093,2093400,24,16000,6296584,MPEG audio file,0,0,/Users/seant/Music/iTunes/iTunes Media/Music/J.K. Rowling/Harry Potter and the Prisoner of Azkaban/09 Chapter 09 - Grim Defeat.mp3,False,2017-12-17T18:56:46,6.0,True,mp3,J.K. Rowling_Harry Potter and the Prisoner of Azkaban_Chapter 09 - Grim Defeat_9,True,True
327,Chapter 10 - The Marauder's Map,J.K. Rowling,Harry Potter and the Prisoner of Azkaban,,Audio Book,10,1999,2744,2744676,24,16000,8250412,MPEG audio file,0,0,/Users/seant/Music/iTunes/iTunes Media/Music/J.K. Rowling/Harry Potter and the Prisoner of Azkaban/10 Chapter 10 - The Marauder's Map.mp3,False,2017-12-17T19:03:59,7.87,True,mp3,J.K. Rowling_Harry Potter and the Prisoner of Azkaban_Chapter 10 - The Marauder's Map_10,True,True
265,Chapter 12 - The Patronus,J.K. Rowling,Harry Potter and the Prisoner of Azkaban,,Audio Book,12,1999,1876,1876068,24,16000,5644588,MPEG audio file,0,0,/Users/seant/Music/iTunes/iTunes Media/Music/J.K. Rowling/Harry Potter and the Prisoner of Azkaban/12 Chapter 12 - The Patronus.mp3,False,2017-12-17T18:55:07,5.38,True,mp3,J.K. Rowling_Harry Potter and the Prisoner of Azkaban_Chapter 12 - The Patronus_12,True,True
241,Chapter 14 - Snape's Grudge,J.K. Rowling,Harry Potter and the Prisoner of Azkaban,,Audio Book,14,1999,2099,2099844,24,16000,6315916,MPEG audio file,0,0,/Users/seant/Music/iTunes/iTunes Media/Music/J.K. Rowling/Harry Potter and the Prisoner of Azkaban/14 Chapter 14 - Snape's Grudge.mp3,False,2017-12-17T18:52:14,6.02,True,mp3,J.K. Rowling_Harry Potter and the Prisoner of Azkaban_Chapter 14 - Snape's Grudge_14,True,True
360,Chapter 16 - Professor Trelawney's Prediction,J.K. Rowling,Harry Potter and the Prisoner of Azkaban,,Audio Book,16,1999,1732,1732932,24,16000,5215180,MPEG audio file,0,0,/Users/seant/Music/iTunes/iTunes Media/Music/J.K. Rowling/Harry Potter and the Prisoner of Azkaban/16 Chapter 16 - Professor Trelawney's Prediction.mp3,False,2017-12-17T19:06:40,4.97,True,mp3,J.K. Rowling_Harry Potter and the Prisoner of Azkaban_Chapter 16 - Professor Trelawney's Prediction_16,True,True
255,Chapter 21 - Hermione's Secret,J.K. Rowling,Harry Potter and the Prisoner of Azkaban,,Audio Book,21,1999,2857,2857212,24,16000,8588020,MPEG audio file,0,0,/Users/seant/Music/iTunes/iTunes Media/Music/J.K. Rowling/Harry Potter and the Prisoner of Azkaban/21 Chapter 21 - Hermione's Secret.mp3,False,2017-12-17T18:53:11,8.19,True,mp3,J.K. Rowling_Harry Potter and the Prisoner of Azkaban_Chapter 21 - Hermione's Secret_21,True,True
277,Chapter 22 - Owl Post Again,J.K. Rowling,Harry Potter and the Prisoner of Azkaban,,Audio Book,22,1999,1868,1868652,24,16000,5622340,MPEG audio file,0,0,/Users/seant/Music/iTunes/iTunes Media/Music/J.K. Rowling/Harry Potter and the Prisoner of Azkaban/22 Chapter 22 - Owl Post Again.mp3,False,2017-12-17T18:56:20,5.36,True,mp3,J.K. Rowling_Harry Potter and the Prisoner of Azkaban_Chapter 22 - Owl Post Again_22,True,True
35,Table of Contents,Robert A Heinlein,Revolt in 2100,,Audio Book,1,1953,153,153417,64,44100,1227649,MPEG audio file,0,0,/Users/seant/Music/iTunes/iTunes Media/Music/Robert A Heinlein/Revolt in 2100/01 Table of Contents.mp3,False,2017-12-17T18:37:22,1.17,True,mp3,Robert A Heinlein_Revolt in 2100_Table of Contents_1,True,True
215,Chart of Future History,Robert A Heinlein,Revolt in 2100,,Audio Book,2,1953,359,359079,64,44100,2872945,MPEG audio file,0,0,/Users/seant/Music/iTunes/iTunes Media/Music/Robert A Heinlein/Revolt in 2100/02 Chart of Future History.mp3,False,2017-12-17T18:50:10,2.74,True,mp3,Robert A Heinlein_Revolt in 2100_Chart of Future History_2,True,True
136,Misfit,Robert A Heinlein,Revolt in 2100,,Audio Book,6,1939,2664,2664124,64,44100,21313290,MPEG audio file,0,0,/Users/seant/Music/iTunes/iTunes Media/Music/Robert A Heinlein/Revolt in 2100/06 Misfit.mp3,False,2017-12-17T18:44:35,20.33,True,mp3,Robert A Heinlein_Revolt in 2100_Misfit_6,True,True
185,Postscript,Robert A Heinlein,Revolt in 2100,,Audio Book,7,1939,644,644519,64,44100,5156451,MPEG audio file,0,0,/Users/seant/Music/iTunes/iTunes Media/Music/Robert A Heinlein/Revolt in 2100/07 Postscript.mp3,False,2017-12-17T18:48:30,4.92,True,mp3,Robert A Heinlein_Revolt in 2100_Postscript_7,True,True
314,Beyond This Horizon 02,Robert A. Heinlein,Beyond This Horizon,,Audio Book,2,1948,4792,4792711,64,22050,38352154,MPEG audio file,0,0,/Users/seant/Music/iTunes/iTunes Media/Music/Robert A. Heinlein/Beyond This Horizon/02 Beyond This Horizon 02.mp3,False,2017-12-17T19:02:35,36.58,True,mp3,Robert A. Heinlein_Beyond This Horizon_Beyond This Horizon 02_2,True,True
235,Beyond This Horizon 05,Robert A. Heinlein,Beyond This Horizon,,Audio Book,5,1948,4792,4792737,64,22050,38352363,MPEG audio file,0,0,/Users/seant/Music/iTunes/iTunes Media/Music/Robert A. Heinlein/Beyond This Horizon/05 Beyond This Horizon 05.mp3,False,2017-12-17T18:51:46,36.58,True,mp3,Robert A. Heinlein_Beyond This Horizon_Beyond This Horizon 05_5,True,True
44,Beyond This Horizon 06,Robert A. Heinlein,Beyond This Horizon,,Audio Book,6,1948,3703,3703928,64,22050,29641883,MPEG audio file,0,0,/Users/seant/Music/iTunes/iTunes Media/Music/Robert A. Heinlein/Beyond This Horizon/06 Beyond This Horizon 06.mp3,False,2017-12-17T18:39:36,28.27,True,mp3,Robert A. Heinlein_Beyond This Horizon_Beyond This Horizon 06_6,True,True
46,Chapter 03,Robert A. Heinlein,Citizen of the Galaxy,,Audio Book,3,1957,1310,1310641,64,44100,10495582,MPEG audio file,0,0,/Users/seant/Music/iTunes/iTunes Media/Music/Robert A. Heinlein/Citizen of the Galaxy/03 Chapter 03.mp3,False,2017-12-17T18:39:37,10.01,True,mp3,Robert A. Heinlein_Citizen of the Galaxy_Chapter 03_3,True,True
122,Chapter 17,Robert A. Heinlein,Citizen of the Galaxy,,Audio Book,17,1957,2077,2077204,64,44100,16628089,MPEG audio file,0,0,/Users/seant/Music/iTunes/iTunes Media/Music/Robert A. Heinlein/Citizen of the Galaxy/17 Chapter 17.mp3,False,2017-12-17T18:43:26,15.86,True,mp3,Robert A. Heinlein_Citizen of the Galaxy_Chapter 17_17,True,True
53,Chapter 22,Robert A. Heinlein,Citizen of the Galaxy,,Audio Book,22,1957,1009,1009972,64,44100,8090229,MPEG audio file,0,0,/Users/seant/Music/iTunes/iTunes Media/Music/Robert A. Heinlein/Citizen of the Galaxy/22 Chapter 22.mp3,False,2017-12-17T18:39:39,7.72,True,mp3,Robert A. Heinlein_Citizen of the Galaxy_Chapter 22_22,True,True
151,Farnham's Freehold 03,Robert A. Heinlein,Farnham's Freehold,Robert A. Heinlein,Audio Book,3,1965,5413,5413328,64,44100,43310856,MPEG audio file,0,0,/Users/seant/Music/iTunes/iTunes Media/Music/Robert A. Heinlein/Farnham's Freehold/03 Farnham's Freehold 03.mp3,False,2017-12-17T18:45:52,41.3,True,mp3,Robert A. Heinlein_Farnham's Freehold_Farnham's Freehold 03_3,True,True
95,Farnham's Freehold 05,Robert A. Heinlein,Farnham's Freehold,Robert A. Heinlein,Audio Book,5,1965,5363,5363983,64,44100,42916093,MPEG audio file,0,0,/Users/seant/Music/iTunes/iTunes Media/Music/Robert A. Heinlein/Farnham's Freehold/05 Farnham's Freehold 05.mp3,False,2017-12-17T18:41:52,40.93,True,mp3,Robert A. Heinlein_Farnham's Freehold_Farnham's Freehold 05_5,True,True
111,Farnham's Freehold 06,Robert A. Heinlein,Farnham's Freehold,Robert A. Heinlein,Audio Book,6,1965,5730,5730063,64,44100,45844733,MPEG audio file,0,0,/Users/seant/Music/iTunes/iTunes Media/Music/Robert A. Heinlein/Farnham's Freehold/06 Farnham's Freehold 06.mp3,False,2017-12-17T18:43:24,43.72,True,mp3,Robert A. Heinlein_Farnham's Freehold_Farnham's Freehold 06_6,True,True
106,Farnham's Freehold 07,Robert A. Heinlein,Farnham's Freehold,Robert A. Heinlein,Audio Book,7,1965,5730,5730063,64,44100,45844733,MPEG audio file,0,0,/Users/seant/Music/iTunes/iTunes Media/Music/Robert A. Heinlein/Farnham's Freehold/07 Farnham's Freehold 07.mp3,False,2017-12-17T18:43:22,43.72,True,mp3,Robert A. Heinlein_Farnham's Freehold_Farnham's Freehold 07_7,True,True
97,"For Us, The Living 01",Robert A. Heinlein,"For Us, The Living: A Comedy of Customs",Robert A. Heinlein,Audio Book,1,1939,5153,5153567,64,44100,41232970,MPEG audio file,0,0,"/Users/seant/Music/iTunes/iTunes Media/Music/Robert A. Heinlein/For Us, The Living_ A Comedy of Customs/01 For Us, The Living 01.mp3",False,2017-12-17T18:42:36,39.32,True,mp3,"Robert A. Heinlein_For Us, The Living: A Comedy of Customs_For Us, The Living 01_1",True,True
69,"For Us, The Living 04",Robert A. Heinlein,"For Us, The Living: A Comedy of Customs",Robert A. Heinlein,Audio Book,4,1939,5121,5121906,64,44100,40979687,MPEG audio file,0,0,"/Users/seant/Music/iTunes/iTunes Media/Music/Robert A. Heinlein/For Us, The Living_ A Comedy of Customs/04 For Us, The Living 04.mp3",False,2017-12-17T18:40:36,39.08,True,mp3,"Robert A. Heinlein_For Us, The Living: A Comedy of Customs_For Us, The Living 04_4",True,True
3,"For Us, The Living 06",Robert A. Heinlein,"For Us, The Living: A Comedy of Customs",Robert A. Heinlein,Audio Book,6,1939,2606,2606654,64,44100,20855621,MPEG audio file,0,0,"/Users/seant/Music/iTunes/iTunes Media/Music/Robert A. Heinlein/For Us, The Living_ A Comedy of Customs/06 For Us, The Living 06.mp3",False,2017-12-17T18:36:17,19.89,True,mp3,"Robert A. Heinlein_For Us, The Living: A Comedy of Customs_For Us, The Living 06_6",True,True
316,Friday 01,Robert A. Heinlein,Friday,Robert A. Heinlein,Audio Book,1,1982,5004,5004434,64,44100,40039906,MPEG audio file,0,0,/Users/seant/Music/iTunes/iTunes Media/Music/Robert A. Heinlein/Friday/01 Friday 01.mp3,False,2017-12-17T19:02:35,38.19,True,mp3,Robert A. Heinlein_Friday_Friday 01_1,True,True
198,Friday 02,Robert A. Heinlein,Friday,,Audio Book,2,1982,4103,4103497,64,44100,32838413,MPEG audio file,0,0,/Users/seant/Music/iTunes/iTunes Media/Music/Robert A. Heinlein/Friday/02 Friday 02.mp3,False,2017-12-17T18:48:56,31.32,True,mp3,Robert A. Heinlein_Friday_Friday 02_2,True,True
313,Friday 04,Robert A. Heinlein,Friday,Robert A. Heinlein,Audio Book,4,1982,4993,4993619,64,44100,39951340,MPEG audio file,0,0,/Users/seant/Music/iTunes/iTunes Media/Music/Robert A. Heinlein/Friday/04 Friday 04.mp3,False,2017-12-17T19:02:17,38.1,True,mp3,Robert A. Heinlein_Friday_Friday 04_4,True,True
98,Friday 05,Robert A. Heinlein,Friday,,Audio Book,5,1982,4346,4346462,64,44100,34782133,MPEG audio file,0,0,/Users/seant/Music/iTunes/iTunes Media/Music/Robert A. Heinlein/Friday/05 Friday 05.mp3,False,2017-12-17T18:42:37,33.17,True,mp3,Robert A. Heinlein_Friday_Friday 05_5,True,True
87,Friday 06,Robert A. Heinlein,Friday,Robert A. Heinlein,Audio Book,6,1982,5057,5057906,64,44100,40465639,MPEG audio file,0,0,/Users/seant/Music/iTunes/iTunes Media/Music/Robert A. Heinlein/Friday/06 Friday 06.mp3,False,2017-12-17T18:41:45,38.59,True,mp3,Robert A. Heinlein_Friday_Friday 06_6,True,True
148,Friday 07,Robert A. Heinlein,Friday,,Audio Book,7,1982,4007,4007680,64,44100,32071877,MPEG audio file,0,0,/Users/seant/Music/iTunes/iTunes Media/Music/Robert A. Heinlein/Friday/07 Friday 07.mp3,False,2017-12-17T18:45:26,30.59,True,mp3,Robert A. Heinlein_Friday_Friday 07_7,True,True
242,Friday 08,Robert A. Heinlein,Friday,,Audio Book,8,1982,4442,4442827,64,44100,35553059,MPEG audio file,0,0,/Users/seant/Music/iTunes/iTunes Media/Music/Robert A. Heinlein/Friday/08 Friday 08.mp3,False,2017-12-17T18:52:14,33.91,True,mp3,Robert A. Heinlein_Friday_Friday 08_8,True,True
324,Friday 09,Robert A. Heinlein,Friday,Robert A. Heinlein,Audio Book,9,1982,5013,5013159,64,44100,40109705,MPEG audio file,0,0,/Users/seant/Music/iTunes/iTunes Media/Music/Robert A. Heinlein/Friday/09 Friday 09.mp3,False,2017-12-17T19:03:18,38.25,True,mp3,Robert A. Heinlein_Friday_Friday 09_9,True,True
180,Friday 10,Robert A. Heinlein,Friday,Robert A. Heinlein,Audio Book,10,1982,5019,5019350,64,44100,40157185,MPEG audio file,0,0,/Users/seant/Music/iTunes/iTunes Media/Music/Robert A. Heinlein/Friday/10 Friday 10.mp3,False,2017-12-17T18:47:56,38.3,True,mp3,Robert A. Heinlein_Friday_Friday 10_10,True,True
263,Friday 11,Robert A. Heinlein,Friday,,Audio Book,11,1982,4001,4001959,64,44100,32026111,MPEG audio file,0,0,/Users/seant/Music/iTunes/iTunes Media/Music/Robert A. Heinlein/Friday/11 Friday 11.mp3,False,2017-12-17T18:55:07,30.54,True,mp3,Robert A. Heinlein_Friday_Friday 11_11,True,True
0,Friday 12,Robert A. Heinlein,Friday,Robert A. Heinlein,Audio Book,12,1982,382,382145,64,44100,3059546,MPEG audio file,0,0,/Users/seant/Music/iTunes/iTunes Media/Music/Robert A. Heinlein/Friday/12 Friday 12.mp3,False,2017-12-17T18:35:48,2.92,True,mp3,Robert A. Heinlein_Friday_Friday 12_12,True,True
221,"Gentlemen, Be Seated!",Robert A. Heinlein,Gentlemen Be Seated,,Audio Book,1,1948,1365,1365480,64,24000,10959808,MPEG audio file,0,0,"/Users/seant/Music/iTunes/iTunes Media/Music/Robert A. Heinlein/Gentlemen Be Seated/01 Gentlemen, Be Seated!.mp3",False,2017-12-17T18:50:50,10.45,True,mp3,"Robert A. Heinlein_Gentlemen Be Seated_Gentlemen, Be Seated!_1",True,True
129,Grumbles from the Grave 01,Robert A. Heinlein,Grumbles from the Grave,,Audio Book,1,1989,3646,3646040,48,44100,21886709,MPEG audio file,0,0,/Users/seant/Music/iTunes/iTunes Media/Music/Robert A. Heinlein/Grumbles from the Grave/01 Grumbles from the Grave 01.mp3,False,2017-12-17T18:43:52,20.87,True,mp3,Robert A. Heinlein_Grumbles from the Grave_Grumbles from the Grave 01_1,True,True
36,Grumbles from the Grave 03,Robert A. Heinlein,Grumbles from the Grave,,Audio Book,3,1989,4247,4247196,48,44100,25493644,MPEG audio file,0,0,/Users/seant/Music/iTunes/iTunes Media/Music/Robert A. Heinlein/Grumbles from the Grave/03 Grumbles from the Grave 03.mp3,False,2017-12-17T18:37:35,24.31,True,mp3,Robert A. Heinlein_Grumbles from the Grave_Grumbles from the Grave 03_3,True,True
379,Grumbles from the Grave 04,Robert A. Heinlein,Grumbles from the Grave,,Audio Book,4,1989,4210,4210520,48,44100,25273588,MPEG audio file,0,0,/Users/seant/Music/iTunes/iTunes Media/Music/Robert A. Heinlein/Grumbles from the Grave/04 Grumbles from the Grave 04.mp3,False,2017-12-17T19:07:51,24.1,True,mp3,Robert A. Heinlein_Grumbles from the Grave_Grumbles from the Grave 04_4,True,True
96,Grumbles from the Grave 06,Robert A. Heinlein,Grumbles from the Grave,,Audio Book,6,1989,3595,3595128,48,44100,21581233,MPEG audio file,0,0,/Users/seant/Music/iTunes/iTunes Media/Music/Robert A. Heinlein/Grumbles from the Grave/06 Grumbles from the Grave 06.mp3,False,2017-12-17T18:41:52,20.58,True,mp3,Robert A. Heinlein_Grumbles from the Grave_Grumbles from the Grave 06_6,True,True
10,Grumbles from the Grave 07,Robert A. Heinlein,Grumbles from the Grave,,Audio Book,7,1989,4278,4278125,48,44100,25679219,MPEG audio file,0,0,/Users/seant/Music/iTunes/iTunes Media/Music/Robert A. Heinlein/Grumbles from the Grave/07 Grumbles from the Grave 07.mp3,False,2017-12-17T18:36:20,24.49,True,mp3,Robert A. Heinlein_Grumbles from the Grave_Grumbles from the Grave 07_7,True,True
187,I Will Fear No Evil 02,Robert A. Heinlein,I Will Fear No Evil,Robert A. Heinlein,Audio Book,2,1970,5118,5118876,64,44100,40955445,MPEG audio file,0,0,/Users/seant/Music/iTunes/iTunes Media/Music/Robert A. Heinlein/I Will Fear No Evil/02 I Will Fear No Evil 02.mp3,False,2017-12-17T18:48:31,39.06,True,mp3,Robert A. Heinlein_I Will Fear No Evil_I Will Fear No Evil 02_2,True,True
274,I Will Fear No Evil 04,Robert A. Heinlein,I Will Fear No Evil,Robert A. Heinlein,Audio Book,4,1970,5122,5122664,64,44100,40985747,MPEG audio file,0,0,/Users/seant/Music/iTunes/iTunes Media/Music/Robert A. Heinlein/I Will Fear No Evil/04 I Will Fear No Evil 04.mp3,False,2017-12-17T18:55:38,39.09,True,mp3,Robert A. Heinlein_I Will Fear No Evil_I Will Fear No Evil 04_4,True,True
305,I Will Fear No Evil 05,Robert A. Heinlein,I Will Fear No Evil,Robert A. Heinlein,Audio Book,5,1970,5208,5208346,64,44100,41671200,MPEG audio file,0,0,/Users/seant/Music/iTunes/iTunes Media/Music/Robert A. Heinlein/I Will Fear No Evil/05 I Will Fear No Evil 05.mp3,False,2017-12-17T19:01:37,39.74,True,mp3,Robert A. Heinlein_I Will Fear No Evil_I Will Fear No Evil 05_5,True,True
34,I Will Fear No Evil 07,Robert A. Heinlein,I Will Fear No Evil,Robert A. Heinlein,Audio Book,7,1970,5213,5213361,64,44100,41711325,MPEG audio file,0,0,/Users/seant/Music/iTunes/iTunes Media/Music/Robert A. Heinlein/I Will Fear No Evil/07 I Will Fear No Evil 07.mp3,False,2017-12-17T18:37:21,39.78,True,mp3,Robert A. Heinlein_I Will Fear No Evil_I Will Fear No Evil 07_7,True,True
146,I Will Fear No Evil 08,Robert A. Heinlein,I Will Fear No Evil,Robert A. Heinlein,Audio Book,8,1970,5181,5181910,64,44100,41459713,MPEG audio file,0,0,/Users/seant/Music/iTunes/iTunes Media/Music/Robert A. Heinlein/I Will Fear No Evil/08 I Will Fear No Evil 08.mp3,False,2017-12-17T18:45:13,39.54,True,mp3,Robert A. Heinlein_I Will Fear No Evil_I Will Fear No Evil 08_8,True,True
194,I Will Fear No Evil 10,Robert A. Heinlein,I Will Fear No Evil,Robert A. Heinlein,Audio Book,10,1970,5142,5142308,64,44100,41142900,MPEG audio file,0,0,/Users/seant/Music/iTunes/iTunes Media/Music/Robert A. Heinlein/I Will Fear No Evil/10 I Will Fear No Evil 10.mp3,False,2017-12-17T18:48:41,39.24,True,mp3,Robert A. Heinlein_I Will Fear No Evil_I Will Fear No Evil 10_10,True,True
333,I Will Fear No Evil 11,Robert A. Heinlein,I Will Fear No Evil,Robert A. Heinlein,Audio Book,11,1970,5165,5165949,64,44100,41332027,MPEG audio file,0,0,/Users/seant/Music/iTunes/iTunes Media/Music/Robert A. Heinlein/I Will Fear No Evil/11 I Will Fear No Evil 11.mp3,False,2017-12-17T19:04:00,39.42,True,mp3,Robert A. Heinlein_I Will Fear No Evil_I Will Fear No Evil 11_11,True,True
174,JOB: A Comedy of Justice 03,Robert A. Heinlein,JOB: A Comedy of Justice,Robert A. Heinlein,Audio Book,3,1984,5125,5125485,64,44100,41006269,MPEG audio file,0,0,/Users/seant/Music/iTunes/iTunes Media/Music/Robert A. Heinlein/JOB_ A Comedy of Justice/03 JOB_ A Comedy of Justice 03.mp3,False,2017-12-17T18:47:16,39.11,True,mp3,Robert A. Heinlein_JOB: A Comedy of Justice_JOB: A Comedy of Justice 03_3,True,True
287,JOB: A Comedy of Justice 04,Robert A. Heinlein,JOB: A Comedy of Justice,Robert A. Heinlein,Audio Book,4,1984,5095,5095601,64,44100,40767197,MPEG audio file,0,0,/Users/seant/Music/iTunes/iTunes Media/Music/Robert A. Heinlein/JOB_ A Comedy of Justice/04 JOB_ A Comedy of Justice 04.mp3,False,2017-12-17T18:57:33,38.88,True,mp3,Robert A. Heinlein_JOB: A Comedy of Justice_JOB: A Comedy of Justice 04_4,True,True
352,JOB: A Comedy of Justice 05,Robert A. Heinlein,JOB: A Comedy of Justice,Robert A. Heinlein,Audio Book,5,1984,5157,5157198,64,44100,41262018,MPEG audio file,0,0,/Users/seant/Music/iTunes/iTunes Media/Music/Robert A. Heinlein/JOB_ A Comedy of Justice/05 JOB_ A Comedy of Justice 05.mp3,False,2017-12-17T19:05:37,39.35,True,mp3,Robert A. Heinlein_JOB: A Comedy of Justice_JOB: A Comedy of Justice 05_5,True,True
45,JOB: A Comedy of Justice 06,Robert A. Heinlein,JOB: A Comedy of Justice,Robert A. Heinlein,Audio Book,6,1984,5116,5116160,64,44100,40931664,MPEG audio file,0,0,/Users/seant/Music/iTunes/iTunes Media/Music/Robert A. Heinlein/JOB_ A Comedy of Justice/06 JOB_ A Comedy of Justice 06.mp3,False,2017-12-17T18:39:36,39.04,True,mp3,Robert A. Heinlein_JOB: A Comedy of Justice_JOB: A Comedy of Justice 06_6,True,True
320,JOB: A Comedy of Justice 07,Robert A. Heinlein,JOB: A Comedy of Justice,Robert A. Heinlein,Audio Book,7,1984,5134,5134706,64,44100,41080039,MPEG audio file,0,0,/Users/seant/Music/iTunes/iTunes Media/Music/Robert A. Heinlein/JOB_ A Comedy of Justice/07 JOB_ A Comedy of Justice 07.mp3,False,2017-12-17T19:02:53,39.18,True,mp3,Robert A. Heinlein_JOB: A Comedy of Justice_JOB: A Comedy of Justice 07_7,True,True
15,JOB: A Comedy of Justice 08,Robert A. Heinlein,JOB: A Comedy of Justice,Robert A. Heinlein,Audio Book,8,1984,5142,5142726,64,44100,41146244,MPEG audio file,0,0,/Users/seant/Music/iTunes/iTunes Media/Music/Robert A. Heinlein/JOB_ A Comedy of Justice/08 JOB_ A Comedy of Justice 08.mp3,False,2017-12-17T18:36:33,39.24,True,mp3,Robert A. Heinlein_JOB: A Comedy of Justice_JOB: A Comedy of Justice 08_8,True,True
77,JOB: A Comedy of Justice 09,Robert A. Heinlein,JOB: A Comedy of Justice,Robert A. Heinlein,Audio Book,9,1984,870,870452,64,44100,6966001,MPEG audio file,0,0,/Users/seant/Music/iTunes/iTunes Media/Music/Robert A. Heinlein/JOB_ A Comedy of Justice/09 JOB_ A Comedy of Justice 09.mp3,False,2017-12-17T18:41:02,6.64,True,mp3,Robert A. Heinlein_JOB: A Comedy of Justice_JOB: A Comedy of Justice 09_9,True,True
268,Methuselah's Children 01,Robert A. Heinlein,Methuselah's Children,,Audio Book,1,1958,3624,3624045,48,44100,21746710,MPEG audio file,0,0,/Users/seant/Music/iTunes/iTunes Media/Music/Robert A. Heinlein/Methuselah's Children/01 Methuselah's Children 01.mp3,False,2017-12-17T18:55:20,20.74,True,mp3,Robert A. Heinlein_Methuselah's Children_Methuselah's Children 01_1,True,True
171,Methuselah's Children 03,Robert A. Heinlein,Methuselah's Children,,Audio Book,3,1958,3673,3673051,48,44100,22040744,MPEG audio file,0,0,/Users/seant/Music/iTunes/iTunes Media/Music/Robert A. Heinlein/Methuselah's Children/03 Methuselah's Children 03.mp3,False,2017-12-17T18:47:15,21.02,True,mp3,Robert A. Heinlein_Methuselah's Children_Methuselah's Children 03_3,True,True
65,Methuselah's Children 04,Robert A. Heinlein,Methuselah's Children,,Audio Book,4,1958,3653,3653041,48,44100,21920686,MPEG audio file,0,0,/Users/seant/Music/iTunes/iTunes Media/Music/Robert A. Heinlein/Methuselah's Children/04 Methuselah's Children 04.mp3,False,2017-12-17T18:40:34,20.91,True,mp3,Robert A. Heinlein_Methuselah's Children_Methuselah's Children 04_4,True,True
342,Methuselah's Children 06,Robert A. Heinlein,Methuselah's Children,,Audio Book,6,1958,3638,3638047,48,44100,21830720,MPEG audio file,0,0,/Users/seant/Music/iTunes/iTunes Media/Music/Robert A. Heinlein/Methuselah's Children/06 Methuselah's Children 06.mp3,False,2017-12-17T19:04:59,20.82,True,mp3,Robert A. Heinlein_Methuselah's Children_Methuselah's Children 06_6,True,True
225,Universe,Robert A. Heinlein,Orphans of the Sky,,Audio Book,1,1941,7270,7270112,64,44100,57888582,MPEG audio file,0,0,/Users/seant/Music/iTunes/iTunes Media/Music/Robert A. Heinlein/Orphans of the Sky/01 Universe.mp3,False,2017-12-17T18:51:03,55.21,True,mp3,Robert A. Heinlein_Orphans of the Sky_Universe_1,True,True
105,Common Sense,Robert A. Heinlein,Orphans of the Sky,,Audio Book,2,1941,9656,9656058,64,44100,76890592,MPEG audio file,0,0,/Users/seant/Music/iTunes/iTunes Media/Music/Robert A. Heinlein/Orphans of the Sky/02 Common Sense.mp3,False,2017-12-17T18:42:38,73.33,True,mp3,Robert A. Heinlein_Orphans of the Sky_Common Sense_2,True,True
308,Podkayne of Mars 02,Robert A. Heinlein,Podkayne of Mars,Robert A. Heinlein,Audio Book,2,1963,5031,5031026,64,44100,40250599,MPEG audio file,0,0,/Users/seant/Music/iTunes/iTunes Media/Music/Robert A. Heinlein/Podkayne of Mars/02 Podkayne of Mars 02.mp3,False,2017-12-17T19:02:05,38.39,True,mp3,Robert A. Heinlein_Podkayne of Mars_Podkayne of Mars 02_2,True,True
81,Podkayne of Mars 04,Robert A. Heinlein,Podkayne of Mars,Robert A. Heinlein,Audio Book,4,1963,4988,4988212,64,44100,39908081,MPEG audio file,0,0,/Users/seant/Music/iTunes/iTunes Media/Music/Robert A. Heinlein/Podkayne of Mars/04 Podkayne of Mars 04.mp3,False,2017-12-17T18:41:03,38.06,True,mp3,Robert A. Heinlein_Podkayne of Mars_Podkayne of Mars 04_4,True,True
33,Podkayne of Mars 05,Robert A. Heinlein,Podkayne of Mars,Robert A. Heinlein,Audio Book,5,1963,2045,2045988,64,44100,16370292,MPEG audio file,0,0,/Users/seant/Music/iTunes/iTunes Media/Music/Robert A. Heinlein/Podkayne of Mars/05 Podkayne of Mars 05.mp3,False,2017-12-17T18:37:21,15.61,True,mp3,Robert A. Heinlein_Podkayne of Mars_Podkayne of Mars 05_5,True,True
219,Red Planet 02,Robert A. Heinlein,Red Planet,Robert A. Heinlein,Audio Book,2,1949,2548,2548715,56,22050,17845376,MPEG audio file,0,0,/Users/seant/Music/iTunes/iTunes Media/Music/Robert A. Heinlein/Red Planet/02 Red Planet 02.mp3,False,2017-12-17T18:50:49,17.02,True,mp3,Robert A. Heinlein_Red Planet_Red Planet 02_2,True,True
100,Red Planet 05,Robert A. Heinlein,Red Planet,Robert A. Heinlein,Audio Book,5,1949,2548,2548688,56,22050,17845376,MPEG audio file,0,0,/Users/seant/Music/iTunes/iTunes Media/Music/Robert A. Heinlein/Red Planet/05 Red Planet 05.mp3,False,2017-12-17T18:42:37,17.02,True,mp3,Robert A. Heinlein_Red Planet_Red Planet 05_5,True,True
60,Red Planet 07,Robert A. Heinlein,Red Planet,Robert A. Heinlein,Audio Book,7,1949,2548,2548715,56,22050,17845376,MPEG audio file,0,0,/Users/seant/Music/iTunes/iTunes Media/Music/Robert A. Heinlein/Red Planet/07 Red Planet 07.mp3,False,2017-12-17T18:40:13,17.02,True,mp3,Robert A. Heinlein_Red Planet_Red Planet 07_7,True,True
143,Red Planet 08,Robert A. Heinlein,Red Planet,Robert A. Heinlein,Audio Book,8,1949,2548,2548715,56,22050,17845376,MPEG audio file,0,0,/Users/seant/Music/iTunes/iTunes Media/Music/Robert A. Heinlein/Red Planet/08 Red Planet 08.mp3,False,2017-12-17T18:45:02,17.02,True,mp3,Robert A. Heinlein_Red Planet_Red Planet 08_8,True,True
195,Red Planet 10,Robert A. Heinlein,Red Planet,Robert A. Heinlein,Audio Book,10,1949,2548,2548532,56,22050,17844290,MPEG audio file,0,0,/Users/seant/Music/iTunes/iTunes Media/Music/Robert A. Heinlein/Red Planet/10 Red Planet 10.mp3,False,2017-12-17T18:48:41,17.02,True,mp3,Robert A. Heinlein_Red Planet_Red Planet 10_10,True,True
142,Starman Jones 06,Robert A. Heinlein,Starman Jones,,Audio Book,6,1953,1651,1651905,64,44100,13225698,MPEG audio file,0,0,/Users/seant/Music/iTunes/iTunes Media/Music/Robert A. Heinlein/Starman Jones/06 Starman Jones 06.mp3,False,2017-12-17T18:45:02,12.61,True,mp3,Robert A. Heinlein_Starman Jones_Starman Jones 06_6,True,True
116,Starman Jones 08,Robert A. Heinlein,Starman Jones,,Audio Book,8,1953,2143,2143320,64,44100,17157021,MPEG audio file,0,0,/Users/seant/Music/iTunes/iTunes Media/Music/Robert A. Heinlein/Starman Jones/08 Starman Jones 08.mp3,False,2017-12-17T18:43:25,16.36,True,mp3,Robert A. Heinlein_Starman Jones_Starman Jones 08_8,True,True
29,Starman Jones 09,Robert A. Heinlein,Starman Jones,,Audio Book,9,1953,1967,1967830,64,44100,15753098,MPEG audio file,0,0,/Users/seant/Music/iTunes/iTunes Media/Music/Robert A. Heinlein/Starman Jones/09 Starman Jones 09.mp3,False,2017-12-17T18:37:12,15.02,True,mp3,Robert A. Heinlein_Starman Jones_Starman Jones 09_9,True,True
350,Starman Jones 10,Robert A. Heinlein,Starman Jones,,Audio Book,10,1953,1794,1794977,64,44100,14370278,MPEG audio file,0,0,/Users/seant/Music/iTunes/iTunes Media/Music/Robert A. Heinlein/Starman Jones/10 Starman Jones 10.mp3,False,2017-12-17T19:05:29,13.7,True,mp3,Robert A. Heinlein_Starman Jones_Starman Jones 10_10,True,True
56,Starman Jones 12,Robert A. Heinlein,Starman Jones,,Audio Book,12,1953,1651,1651487,64,44100,13222354,MPEG audio file,0,0,/Users/seant/Music/iTunes/iTunes Media/Music/Robert A. Heinlein/Starman Jones/12 Starman Jones 12.mp3,False,2017-12-17T18:39:56,12.61,True,mp3,Robert A. Heinlein_Starman Jones_Starman Jones 12_12,True,True
199,Starman Jones 13,Robert A. Heinlein,Starman Jones,,Audio Book,13,1953,1825,1825750,64,44100,14616457,MPEG audio file,0,0,/Users/seant/Music/iTunes/iTunes Media/Music/Robert A. Heinlein/Starman Jones/13 Starman Jones 13.mp3,False,2017-12-17T18:49:29,13.94,True,mp3,Robert A. Heinlein_Starman Jones_Starman Jones 13_13,True,True
259,Starman Jones 15,Robert A. Heinlein,Starman Jones,,Audio Book,15,1953,1263,1263281,64,44100,10116709,MPEG audio file,0,0,/Users/seant/Music/iTunes/iTunes Media/Music/Robert A. Heinlein/Starman Jones/15 Starman Jones 15.mp3,False,2017-12-17T18:54:15,9.65,True,mp3,Robert A. Heinlein_Starman Jones_Starman Jones 15_15,True,True
354,Starship Troopers 01,Robert A. Heinlein,Starship Troopers,Robert A. Heinlein,Audio Book,1,1959,2821,2821104,56,32000,19751939,MPEG audio file,0,0,/Users/seant/Music/iTunes/iTunes Media/Music/Robert A. Heinlein/Starship Troopers/01 Starship Troopers 01.mp3,False,2017-12-17T19:05:42,18.84,True,mp3,Robert A. Heinlein_Starship Troopers_Starship Troopers 01_1,True,True
202,Starship Troopers 02,Robert A. Heinlein,Starship Troopers,Robert A. Heinlein,Audio Book,2,1959,2824,2824568,56,44100,19776201,MPEG audio file,0,0,/Users/seant/Music/iTunes/iTunes Media/Music/Robert A. Heinlein/Starship Troopers/02 Starship Troopers 02.mp3,False,2017-12-17T18:49:31,18.86,True,mp3,Robert A. Heinlein_Starship Troopers_Starship Troopers 02_2,True,True
248,Starship Troopers 03,Robert A. Heinlein,Starship Troopers,Robert A. Heinlein,Audio Book,3,1959,2426,2426644,56,44100,16990738,MPEG audio file,0,0,/Users/seant/Music/iTunes/iTunes Media/Music/Robert A. Heinlein/Starship Troopers/03 Starship Troopers 03.mp3,False,2017-12-17T18:52:23,16.2,True,mp3,Robert A. Heinlein_Starship Troopers_Starship Troopers 03_3,True,True
25,Starship Troopers 04,Robert A. Heinlein,Starship Troopers,Robert A. Heinlein,Audio Book,4,1959,2982,2982060,56,44100,20878647,MPEG audio file,0,0,/Users/seant/Music/iTunes/iTunes Media/Music/Robert A. Heinlein/Starship Troopers/04 Starship Troopers 04.mp3,False,2017-12-17T18:37:10,19.91,True,mp3,Robert A. Heinlein_Starship Troopers_Starship Troopers 04_4,True,True
190,Starship Troopers 05,Robert A. Heinlein,Starship Troopers,Robert A. Heinlein,Audio Book,5,1959,2380,2380382,56,44100,16666898,MPEG audio file,0,0,/Users/seant/Music/iTunes/iTunes Media/Music/Robert A. Heinlein/Starship Troopers/05 Starship Troopers 05.mp3,False,2017-12-17T18:48:33,15.89,True,mp3,Robert A. Heinlein_Starship Troopers_Starship Troopers 05_5,True,True
160,Starship Troopers 06,Robert A. Heinlein,Starship Troopers,Robert A. Heinlein,Audio Book,6,1959,2332,2332264,56,44100,16330075,MPEG audio file,0,0,/Users/seant/Music/iTunes/iTunes Media/Music/Robert A. Heinlein/Starship Troopers/06 Starship Troopers 06.mp3,False,2017-12-17T18:46:18,15.57,True,mp3,Robert A. Heinlein_Starship Troopers_Starship Troopers 06_6,True,True
228,Starship Troopers 09,Robert A. Heinlein,Starship Troopers,Robert A. Heinlein,Audio Book,9,1959,2583,2583745,56,44100,18090442,MPEG audio file,0,0,/Users/seant/Music/iTunes/iTunes Media/Music/Robert A. Heinlein/Starship Troopers/09 Starship Troopers 09.mp3,False,2017-12-17T18:51:05,17.25,True,mp3,Robert A. Heinlein_Starship Troopers_Starship Troopers 09_9,True,True
258,Starship Troopers 10,Robert A. Heinlein,Starship Troopers,Robert A. Heinlein,Audio Book,10,1959,2558,2558955,56,44100,17916909,MPEG audio file,0,0,/Users/seant/Music/iTunes/iTunes Media/Music/Robert A. Heinlein/Starship Troopers/10 Starship Troopers 10.mp3,False,2017-12-17T18:54:14,17.09,True,mp3,Robert A. Heinlein_Starship Troopers_Starship Troopers 10_10,True,True
24,Starship Troopers 11,Robert A. Heinlein,Starship Troopers,Robert A. Heinlein,Audio Book,11,1959,2616,2616999,56,44100,18323219,MPEG audio file,0,0,/Users/seant/Music/iTunes/iTunes Media/Music/Robert A. Heinlein/Starship Troopers/11 Starship Troopers 11.mp3,False,2017-12-17T18:37:10,17.47,True,mp3,Robert A. Heinlein_Starship Troopers_Starship Troopers 11_11,True,True
237,Starship Troopers 12,Robert A. Heinlein,Starship Troopers,Robert A. Heinlein,Audio Book,12,1959,2575,2575699,56,44100,18034121,MPEG audio file,0,0,/Users/seant/Music/iTunes/iTunes Media/Music/Robert A. Heinlein/Starship Troopers/12 Starship Troopers 12.mp3,False,2017-12-17T18:51:57,17.2,True,mp3,Robert A. Heinlein_Starship Troopers_Starship Troopers 12_12,True,True
312,Stranger in a Strange Land 01,Robert A. Heinlein,Stranger in a Strange Land,Robert A. Heinlein,Audio Book,1,1961,2593,2593332,64,44100,20747130,MPEG audio file,0,0,/Users/seant/Music/iTunes/iTunes Media/Music/Robert A. Heinlein/Stranger in a Strange Land/01 Stranger in a Strange Land 01.mp3,False,2017-12-17T19:02:11,19.79,True,mp3,Robert A. Heinlein_Stranger in a Strange Land_Stranger in a Strange Land 01_1,True,True
297,Stranger in a Strange Land 02,Robert A. Heinlein,Stranger in a Strange Land,Robert A. Heinlein,Audio Book,2,1961,2542,2542628,64,44100,20341489,MPEG audio file,0,0,/Users/seant/Music/iTunes/iTunes Media/Music/Robert A. Heinlein/Stranger in a Strange Land/02 Stranger in a Strange Land 02.mp3,False,2017-12-17T19:00:52,19.4,True,mp3,Robert A. Heinlein_Stranger in a Strange Land_Stranger in a Strange Land 02_2,True,True
186,Stranger in a Strange Land 03,Robert A. Heinlein,Stranger in a Strange Land,,Audio Book,3,1961,2592,2592261,64,44100,20738562,MPEG audio file,0,0,/Users/seant/Music/iTunes/iTunes Media/Music/Robert A. Heinlein/Stranger in a Strange Land/03 Stranger in a Strange Land 03.mp3,False,2017-12-17T18:48:31,19.78,True,mp3,Robert A. Heinlein_Stranger in a Strange Land_Stranger in a Strange Land 03_3,True,True
32,Stranger in a Strange Land 04,Robert A. Heinlein,Stranger in a Strange Land,,Audio Book,4,1961,2546,2546259,64,44100,20370549,MPEG audio file,0,0,/Users/seant/Music/iTunes/iTunes Media/Music/Robert A. Heinlein/Stranger in a Strange Land/04 Stranger in a Strange Land 04.mp3,False,2017-12-17T18:37:21,19.43,True,mp3,Robert A. Heinlein_Stranger in a Strange Land_Stranger in a Strange Land 04_4,True,True
134,Stranger in a Strange Land 07,Robert A. Heinlein,Stranger in a Strange Land,,Audio Book,7,1961,2606,2606315,64,44100,20850993,MPEG audio file,0,0,/Users/seant/Music/iTunes/iTunes Media/Music/Robert A. Heinlein/Stranger in a Strange Land/07 Stranger in a Strange Land 07.mp3,False,2017-12-17T18:44:20,19.89,True,mp3,Robert A. Heinlein_Stranger in a Strange Land_Stranger in a Strange Land 07_7,True,True
286,Stranger in a Strange Land 09,Robert A. Heinlein,Stranger in a Strange Land,Robert A. Heinlein,Audio Book,9,1961,2567,2567993,64,44100,20578304,MPEG audio file,0,0,/Users/seant/Music/iTunes/iTunes Media/Music/Robert A. Heinlein/Stranger in a Strange Land/09 Stranger in a Strange Land 09.mp3,False,2017-12-17T18:57:13,19.62,True,mp3,Robert A. Heinlein_Stranger in a Strange Land_Stranger in a Strange Land 09_9,True,True
376,Stranger in a Strange Land 10,Robert A. Heinlein,Stranger in a Strange Land,,Audio Book,10,1961,2547,2547408,64,44100,20379745,MPEG audio file,0,0,/Users/seant/Music/iTunes/iTunes Media/Music/Robert A. Heinlein/Stranger in a Strange Land/10 Stranger in a Strange Land 10.mp3,False,2017-12-17T19:07:50,19.44,True,mp3,Robert A. Heinlein_Stranger in a Strange Land_Stranger in a Strange Land 10_10,True,True
184,Stranger in a Strange Land 11,Robert A. Heinlein,Stranger in a Strange Land,,Audio Book,11,1961,2289,2289423,64,44100,18315920,MPEG audio file,0,0,/Users/seant/Music/iTunes/iTunes Media/Music/Robert A. Heinlein/Stranger in a Strange Land/11 Stranger in a Strange Land 11.mp3,False,2017-12-17T18:48:29,17.47,True,mp3,Robert A. Heinlein_Stranger in a Strange Land_Stranger in a Strange Land 11_11,True,True
132,Stranger in a Strange Land 12,Robert A. Heinlein,Stranger in a Strange Land,,Audio Book,12,1961,2548,2548062,64,44100,20384970,MPEG audio file,0,0,/Users/seant/Music/iTunes/iTunes Media/Music/Robert A. Heinlein/Stranger in a Strange Land/12 Stranger in a Strange Land 12.mp3,False,2017-12-17T18:44:03,19.44,True,mp3,Robert A. Heinlein_Stranger in a Strange Land_Stranger in a Strange Land 12_12,True,True
223,Stranger in a Strange Land 13,Robert A. Heinlein,Stranger in a Strange Land,,Audio Book,13,1961,2610,2610782,64,44100,20886717,MPEG audio file,0,0,/Users/seant/Music/iTunes/iTunes Media/Music/Robert A. Heinlein/Stranger in a Strange Land/13 Stranger in a Strange Land 13.mp3,False,2017-12-17T18:50:51,19.92,True,mp3,Robert A. Heinlein_Stranger in a Strange Land_Stranger in a Strange Land 13_13,True,True
197,Stranger in a Strange Land 16,Robert A. Heinlein,Stranger in a Strange Land,,Audio Book,16,1961,2546,2546024,64,44100,20368656,MPEG audio file,0,0,/Users/seant/Music/iTunes/iTunes Media/Music/Robert A. Heinlein/Stranger in a Strange Land/16 Stranger in a Strange Land 16.mp3,False,2017-12-17T18:48:48,19.43,True,mp3,Robert A. Heinlein_Stranger in a Strange Land_Stranger in a Strange Land 16_16,True,True
125,Stranger in a Strange Land 18,Robert A. Heinlein,Stranger in a Strange Land,,Audio Book,18,1961,2533,2533407,64,44100,20267719,MPEG audio file,0,0,/Users/seant/Music/iTunes/iTunes Media/Music/Robert A. Heinlein/Stranger in a Strange Land/18 Stranger in a Strange Land 18.mp3,False,2017-12-17T18:43:36,19.33,True,mp3,Robert A. Heinlein_Stranger in a Strange Land_Stranger in a Strange Land 18_18,True,True
118,Stranger in a Strange Land 19,Robert A. Heinlein,Stranger in a Strange Land,,Audio Book,19,1961,2579,2579487,64,44100,20636359,MPEG audio file,0,0,/Users/seant/Music/iTunes/iTunes Media/Music/Robert A. Heinlein/Stranger in a Strange Land/19 Stranger in a Strange Land 19.mp3,False,2017-12-17T18:43:25,19.68,True,mp3,Robert A. Heinlein_Stranger in a Strange Land_Stranger in a Strange Land 19_19,True,True
183,Stranger in a Strange Land 20,Robert A. Heinlein,Stranger in a Strange Land,,Audio Book,20,1961,2550,2550909,64,44100,20407736,MPEG audio file,0,0,/Users/seant/Music/iTunes/iTunes Media/Music/Robert A. Heinlein/Stranger in a Strange Land/20 Stranger in a Strange Land 20.mp3,False,2017-12-17T18:48:29,19.46,True,mp3,Robert A. Heinlein_Stranger in a Strange Land_Stranger in a Strange Land 20_20,True,True
43,Stranger in a Strange Land 21,Robert A. Heinlein,Stranger in a Strange Land,,Audio Book,21,1961,2612,2612271,64,44100,20898629,MPEG audio file,0,0,/Users/seant/Music/iTunes/iTunes Media/Music/Robert A. Heinlein/Stranger in a Strange Land/21 Stranger in a Strange Land 21.mp3,False,2017-12-17T18:38:53,19.93,True,mp3,Robert A. Heinlein_Stranger in a Strange Land_Stranger in a Strange Land 21_21,True,True
371,Stranger in a Strange Land 22,Robert A. Heinlein,Stranger in a Strange Land,,Audio Book,22,1961,2568,2568202,64,44100,20546080,MPEG audio file,0,0,/Users/seant/Music/iTunes/iTunes Media/Music/Robert A. Heinlein/Stranger in a Strange Land/22 Stranger in a Strange Land 22.mp3,False,2017-12-17T19:07:28,19.59,True,mp3,Robert A. Heinlein_Stranger in a Strange Land_Stranger in a Strange Land 22_22,True,True
124,Cat Who Walks Through Walls 01,Robert A. Heinlein,The Cat Who Walks Through Walls,Robert A. Heinlein,Audio Book,1,1985,2512,2512326,64,44100,20102836,MPEG audio file,0,0,/Users/seant/Music/iTunes/iTunes Media/Music/Robert A. Heinlein/The Cat Who Walks Through Walls/01 Cat Who Walks Through Walls 01.mp3,False,2017-12-17T18:43:36,19.17,True,mp3,Robert A. Heinlein_The Cat Who Walks Through Walls_Cat Who Walks Through Walls 01_1,True,True
193,Cat Who Walks Through Walls 02,Robert A. Heinlein,The Cat Who Walks Through Walls,Robert A. Heinlein,Audio Book,2,1985,2466,2466586,64,44100,19736913,MPEG audio file,0,0,/Users/seant/Music/iTunes/iTunes Media/Music/Robert A. Heinlein/The Cat Who Walks Through Walls/02 Cat Who Walks Through Walls 02.mp3,False,2017-12-17T18:48:35,18.82,True,mp3,Robert A. Heinlein_The Cat Who Walks Through Walls_Cat Who Walks Through Walls 02_2,True,True
334,Chapter 02,Robert A. Heinlein,The Cat Who Walks Through Walls,,Audio Book,2,1985,1120,1120182,64,44100,8971920,MPEG audio file,0,0,/Users/seant/Music/iTunes/iTunes Media/Music/Robert A. Heinlein/The Cat Who Walks Through Walls/02 Chapter 02.mp3,False,2017-12-17T19:04:01,8.56,True,mp3,Robert A. Heinlein_The Cat Who Walks Through Walls_Chapter 02_2,True,True
159,Cat Who Walks Through Walls 03,Robert A. Heinlein,The Cat Who Walks Through Walls,Robert A. Heinlein,Audio Book,3,1985,2617,2617234,64,44100,20942098,MPEG audio file,0,0,/Users/seant/Music/iTunes/iTunes Media/Music/Robert A. Heinlein/The Cat Who Walks Through Walls/03 Cat Who Walks Through Walls 03.mp3,False,2017-12-17T18:46:17,19.97,True,mp3,Robert A. Heinlein_The Cat Who Walks Through Walls_Cat Who Walks Through Walls 03_3,True,True
363,Chapter 03,Robert A. Heinlein,The Cat Who Walks Through Walls,,Audio Book,3,1985,1293,1293008,64,44100,10354529,MPEG audio file,0,0,/Users/seant/Music/iTunes/iTunes Media/Music/Robert A. Heinlein/The Cat Who Walks Through Walls/03 Chapter 03.mp3,False,2017-12-17T19:07:07,9.87,True,mp3,Robert A. Heinlein_The Cat Who Walks Through Walls_Chapter 03_3,True,True
150,Chapter 05,Robert A. Heinlein,The Cat Who Walks Through Walls,,Audio Book,5,1985,1351,1351418,64,44100,10821807,MPEG audio file,0,0,/Users/seant/Music/iTunes/iTunes Media/Music/Robert A. Heinlein/The Cat Who Walks Through Walls/05 Chapter 05.mp3,False,2017-12-17T18:45:31,10.32,True,mp3,Robert A. Heinlein_The Cat Who Walks Through Walls_Chapter 05_5,True,True
12,Cat Who Walks Through Walls 06,Robert A. Heinlein,The Cat Who Walks Through Walls,Robert A. Heinlein,Audio Book,6,1985,2556,2556133,64,44100,20453295,MPEG audio file,0,0,/Users/seant/Music/iTunes/iTunes Media/Music/Robert A. Heinlein/The Cat Who Walks Through Walls/06 Cat Who Walks Through Walls 06.mp3,False,2017-12-17T18:36:21,19.51,True,mp3,Robert A. Heinlein_The Cat Who Walks Through Walls_Cat Who Walks Through Walls 06_6,True,True
366,Chapter 07,Robert A. Heinlein,The Cat Who Walks Through Walls,,Audio Book,7,1985,1534,1534772,64,44100,12288635,MPEG audio file,0,0,/Users/seant/Music/iTunes/iTunes Media/Music/Robert A. Heinlein/The Cat Who Walks Through Walls/07 Chapter 07.mp3,False,2017-12-17T19:07:08,11.72,True,mp3,Robert A. Heinlein_The Cat Who Walks Through Walls_Chapter 07_7,True,True
179,Cat Who Walks Through Walls 08,Robert A. Heinlein,The Cat Who Walks Through Walls,Robert A. Heinlein,Audio Book,8,1985,2513,2513528,64,44100,20112449,MPEG audio file,0,0,/Users/seant/Music/iTunes/iTunes Media/Music/Robert A. Heinlein/The Cat Who Walks Through Walls/08 Cat Who Walks Through Walls 08.mp3,False,2017-12-17T18:47:56,19.18,True,mp3,Robert A. Heinlein_The Cat Who Walks Through Walls_Cat Who Walks Through Walls 08_8,True,True
292,Chapter 08,Robert A. Heinlein,The Cat Who Walks Through Walls,,Audio Book,8,1985,1534,1534928,64,44100,12289889,MPEG audio file,0,0,/Users/seant/Music/iTunes/iTunes Media/Music/Robert A. Heinlein/The Cat Who Walks Through Walls/08 Chapter 08.mp3,False,2017-12-17T18:58:29,11.72,True,mp3,Robert A. Heinlein_The Cat Who Walks Through Walls_Chapter 08_8,True,True
39,Cat Who Walks Through Walls 09,Robert A. Heinlein,The Cat Who Walks Through Walls,Robert A. Heinlein,Audio Book,9,1985,2466,2466768,64,44100,19738376,MPEG audio file,0,0,/Users/seant/Music/iTunes/iTunes Media/Music/Robert A. Heinlein/The Cat Who Walks Through Walls/09 Cat Who Walks Through Walls 09.mp3,False,2017-12-17T18:37:50,18.82,True,mp3,Robert A. Heinlein_The Cat Who Walks Through Walls_Cat Who Walks Through Walls 09_9,True,True
357,Cat Who Walks Through Walls 10,Robert A. Heinlein,The Cat Who Walks Through Walls,Robert A. Heinlein,Audio Book,10,1985,2457,2457103,64,44100,19661053,MPEG audio file,0,0,/Users/seant/Music/iTunes/iTunes Media/Music/Robert A. Heinlein/The Cat Who Walks Through Walls/10 Cat Who Walks Through Walls 10.mp3,False,2017-12-17T19:05:59,18.75,True,mp3,Robert A. Heinlein_The Cat Who Walks Through Walls_Cat Who Walks Through Walls 10_10,True,True
153,Cat Who Walks Through Walls 11,Robert A. Heinlein,The Cat Who Walks Through Walls,Robert A. Heinlein,Audio Book,11,1985,2654,2654380,64,44100,21239267,MPEG audio file,0,0,/Users/seant/Music/iTunes/iTunes Media/Music/Robert A. Heinlein/The Cat Who Walks Through Walls/11 Cat Who Walks Through Walls 11.mp3,False,2017-12-17T18:45:52,20.26,True,mp3,Robert A. Heinlein_The Cat Who Walks Through Walls_Cat Who Walks Through Walls 11_11,True,True
192,Chapter 11,Robert A. Heinlein,The Cat Who Walks Through Walls,,Audio Book,11,1985,1933,1933740,64,44100,15480381,MPEG audio file,0,0,/Users/seant/Music/iTunes/iTunes Media/Music/Robert A. Heinlein/The Cat Who Walks Through Walls/11 Chapter 11.mp3,False,2017-12-17T18:48:34,14.76,True,mp3,Robert A. Heinlein_The Cat Who Walks Through Walls_Chapter 11_11,True,True
257,Cat Who Walks Through Walls 12,Robert A. Heinlein,The Cat Who Walks Through Walls,Robert A. Heinlein,Audio Book,12,1985,2516,2516819,64,44100,20138781,MPEG audio file,0,0,/Users/seant/Music/iTunes/iTunes Media/Music/Robert A. Heinlein/The Cat Who Walks Through Walls/12 Cat Who Walks Through Walls 12.mp3,False,2017-12-17T18:53:58,19.21,True,mp3,Robert A. Heinlein_The Cat Who Walks Through Walls_Cat Who Walks Through Walls 12_12,True,True
298,Chapter 12,Robert A. Heinlein,The Cat Who Walks Through Walls,,Audio Book,12,1985,1617,1617345,64,44100,12949220,MPEG audio file,0,0,/Users/seant/Music/iTunes/iTunes Media/Music/Robert A. Heinlein/The Cat Who Walks Through Walls/12 Chapter 12.mp3,False,2017-12-17T19:00:52,12.35,True,mp3,Robert A. Heinlein_The Cat Who Walks Through Walls_Chapter 12_12,True,True
238,Chapter 13,Robert A. Heinlein,The Cat Who Walks Through Walls,,Audio Book,13,1985,1390,1390393,64,44100,11133606,MPEG audio file,0,0,/Users/seant/Music/iTunes/iTunes Media/Music/Robert A. Heinlein/The Cat Who Walks Through Walls/13 Chapter 13.mp3,False,2017-12-17T18:51:57,10.62,True,mp3,Robert A. Heinlein_The Cat Who Walks Through Walls_Chapter 13_13,True,True
236,Chapter 14,Robert A. Heinlein,The Cat Who Walks Through Walls,,Audio Book,14,1985,1732,1732127,64,44100,13867477,MPEG audio file,0,0,/Users/seant/Music/iTunes/iTunes Media/Music/Robert A. Heinlein/The Cat Who Walks Through Walls/14 Chapter 14.mp3,False,2017-12-17T18:51:57,13.23,True,mp3,Robert A. Heinlein_The Cat Who Walks Through Walls_Chapter 14_14,True,True
177,Cat Who Walks Through Walls 15,Robert A. Heinlein,The Cat Who Walks Through Walls,Robert A. Heinlein,Audio Book,15,1985,2614,2614256,64,44100,20918275,MPEG audio file,0,0,/Users/seant/Music/iTunes/iTunes Media/Music/Robert A. Heinlein/The Cat Who Walks Through Walls/15 Cat Who Walks Through Walls 15.mp3,False,2017-12-17T18:47:55,19.95,True,mp3,Robert A. Heinlein_The Cat Who Walks Through Walls_Cat Who Walks Through Walls 15_15,True,True
189,Chapter 16,Robert A. Heinlein,The Cat Who Walks Through Walls,,Audio Book,16,1985,1734,1734321,64,44100,13885032,MPEG audio file,0,0,/Users/seant/Music/iTunes/iTunes Media/Music/Robert A. Heinlein/The Cat Who Walks Through Walls/16 Chapter 16.mp3,False,2017-12-17T18:48:32,13.24,True,mp3,Robert A. Heinlein_The Cat Who Walks Through Walls_Chapter 16_16,True,True
74,Cat Who Walks Through Walls 17,Robert A. Heinlein,The Cat Who Walks Through Walls,Robert A. Heinlein,Audio Book,17,1985,2775,2775719,64,44100,22209977,MPEG audio file,0,0,/Users/seant/Music/iTunes/iTunes Media/Music/Robert A. Heinlein/The Cat Who Walks Through Walls/17 Cat Who Walks Through Walls 17.mp3,False,2017-12-17T18:41:01,21.18,True,mp3,Robert A. Heinlein_The Cat Who Walks Through Walls_Cat Who Walks Through Walls 17_17,True,True
90,Chapter 17,Robert A. Heinlein,The Cat Who Walks Through Walls,,Audio Book,17,1985,1894,1894661,64,44100,15167747,MPEG audio file,0,0,/Users/seant/Music/iTunes/iTunes Media/Music/Robert A. Heinlein/The Cat Who Walks Through Walls/17 Chapter 17.mp3,False,2017-12-17T18:41:45,14.47,True,mp3,Robert A. Heinlein_The Cat Who Walks Through Walls_Chapter 17_17,True,True
30,Cat Who Walks Through Walls 18,Robert A. Heinlein,The Cat Who Walks Through Walls,Robert A. Heinlein,Audio Book,18,1985,2731,2731859,64,44100,21859101,MPEG audio file,0,0,/Users/seant/Music/iTunes/iTunes Media/Music/Robert A. Heinlein/The Cat Who Walks Through Walls/18 Cat Who Walks Through Walls 18.mp3,False,2017-12-17T18:37:12,20.85,True,mp3,Robert A. Heinlein_The Cat Who Walks Through Walls_Cat Who Walks Through Walls 18_18,True,True
31,Cat Who Walks Through Walls 19,Robert A. Heinlein,The Cat Who Walks Through Walls,Robert A. Heinlein,Audio Book,19,1985,2677,2677106,64,44100,21421080,MPEG audio file,0,0,/Users/seant/Music/iTunes/iTunes Media/Music/Robert A. Heinlein/The Cat Who Walks Through Walls/19 Cat Who Walks Through Walls 19.mp3,False,2017-12-17T18:37:12,20.43,True,mp3,Robert A. Heinlein_The Cat Who Walks Through Walls_Cat Who Walks Through Walls 19_19,True,True
117,Chapter 19,Robert A. Heinlein,The Cat Who Walks Through Walls,,Audio Book,19,1985,1337,1337077,64,44100,10707078,MPEG audio file,0,0,/Users/seant/Music/iTunes/iTunes Media/Music/Robert A. Heinlein/The Cat Who Walks Through Walls/19 Chapter 19.mp3,False,2017-12-17T18:43:25,10.21,True,mp3,Robert A. Heinlein_The Cat Who Walks Through Walls_Chapter 19_19,True,True
68,Chapter 20,Robert A. Heinlein,The Cat Who Walks Through Walls,,Audio Book,20,1985,1121,1121306,64,44100,8980907,MPEG audio file,0,0,/Users/seant/Music/iTunes/iTunes Media/Music/Robert A. Heinlein/The Cat Who Walks Through Walls/20 Chapter 20.mp3,False,2017-12-17T18:40:35,8.56,True,mp3,Robert A. Heinlein_The Cat Who Walks Through Walls_Chapter 20_20,True,True
128,Cat Who Walks Through Walls 20,Robert A. Heinlein,The Cat Who Walks Through Walls,Robert A. Heinlein,Audio Book,20,1985,2591,2591921,64,44100,20739597,MPEG audio file,0,0,/Users/seant/Music/iTunes/iTunes Media/Music/Robert A. Heinlein/The Cat Who Walks Through Walls/20 Cat Who Walks Through Walls 20.mp3,False,2017-12-17T18:43:52,19.78,True,mp3,Robert A. Heinlein_The Cat Who Walks Through Walls_Cat Who Walks Through Walls 20_20,True,True
57,Cat Who Walks Through Walls 21,Robert A. Heinlein,The Cat Who Walks Through Walls,Robert A. Heinlein,Audio Book,21,1985,2663,2663157,64,44100,21309484,MPEG audio file,0,0,/Users/seant/Music/iTunes/iTunes Media/Music/Robert A. Heinlein/The Cat Who Walks Through Walls/21 Cat Who Walks Through Walls 21.mp3,False,2017-12-17T18:39:57,20.32,True,mp3,Robert A. Heinlein_The Cat Who Walks Through Walls_Cat Who Walks Through Walls 21_21,True,True
232,Chapter 21,Robert A. Heinlein,The Cat Who Walks Through Walls,,Audio Book,21,1985,1433,1433312,64,44100,11476959,MPEG audio file,0,0,/Users/seant/Music/iTunes/iTunes Media/Music/Robert A. Heinlein/The Cat Who Walks Through Walls/21 Chapter 21.mp3,False,2017-12-17T18:51:45,10.95,True,mp3,Robert A. Heinlein_The Cat Who Walks Through Walls_Chapter 21_21,True,True
290,Chapter 24,Robert A. Heinlein,The Cat Who Walks Through Walls,,Audio Book,24,1985,2107,2107820,64,44100,16873021,MPEG audio file,0,0,/Users/seant/Music/iTunes/iTunes Media/Music/Robert A. Heinlein/The Cat Who Walks Through Walls/24 Chapter 24.mp3,False,2017-12-17T18:57:59,16.09,True,mp3,Robert A. Heinlein_The Cat Who Walks Through Walls_Chapter 24_24,True,True
26,Chapter 26,Robert A. Heinlein,The Cat Who Walks Through Walls,,Audio Book,26,1985,1804,1804564,64,44100,14446977,MPEG audio file,0,0,/Users/seant/Music/iTunes/iTunes Media/Music/Robert A. Heinlein/The Cat Who Walks Through Walls/26 Chapter 26.mp3,False,2017-12-17T18:37:11,13.78,True,mp3,Robert A. Heinlein_The Cat Who Walks Through Walls_Chapter 26_26,True,True
152,Chapter 27,Robert A. Heinlein,The Cat Who Walks Through Walls,,Audio Book,27,1985,1643,1643102,64,44100,13155274,MPEG audio file,0,0,/Users/seant/Music/iTunes/iTunes Media/Music/Robert A. Heinlein/The Cat Who Walks Through Walls/27 Chapter 27.mp3,False,2017-12-17T18:45:52,12.55,True,mp3,Robert A. Heinlein_The Cat Who Walks Through Walls_Chapter 27_27,True,True
63,Chapter 29,Robert A. Heinlein,The Cat Who Walks Through Walls,,Audio Book,29,1985,2130,2130076,64,44100,17051071,MPEG audio file,0,0,/Users/seant/Music/iTunes/iTunes Media/Music/Robert A. Heinlein/The Cat Who Walks Through Walls/29 Chapter 29.mp3,False,2017-12-17T18:40:15,16.26,True,mp3,Robert A. Heinlein_The Cat Who Walks Through Walls_Chapter 29_29,True,True
203,Chapter 30,Robert A. Heinlein,The Cat Who Walks Through Walls,,Audio Book,30,1985,788,788506,64,44100,6309377,MPEG audio file,0,0,/Users/seant/Music/iTunes/iTunes Media/Music/Robert A. Heinlein/The Cat Who Walks Through Walls/30 Chapter 30.mp3,False,2017-12-17T18:49:31,6.02,True,mp3,Robert A. Heinlein_The Cat Who Walks Through Walls_Chapter 30_30,True,True
301,Introduction,Robert A. Heinlein,The Fantasies of Robert A. Heinlein,Robert A. Heinlein,Audio Book,1,1999,102,102608,48,44100,616015,MPEG audio file,0,0,/Users/seant/Music/iTunes/iTunes Media/Music/Robert A. Heinlein/The Fantasies of Robert A. Heinlein/01 Introduction.mp3,False,2017-12-17T19:01:09,0.59,True,mp3,Robert A. Heinlein_The Fantasies of Robert A. Heinlein_Introduction_1,True,True
282,"Magic, Inc.",Robert A. Heinlein,The Fantasies of Robert A. Heinlein,Robert A. Heinlein,Audio Book,2,1940,12589,12589322,48,44100,75536292,MPEG audio file,0,0,"/Users/seant/Music/iTunes/iTunes Media/Music/Robert A. Heinlein/The Fantasies of Robert A. Heinlein/02 Magic, Inc..mp3",False,2017-12-17T18:57:04,72.04,True,mp3,"Robert A. Heinlein_The Fantasies of Robert A. Heinlein_Magic, Inc._2",True,True
378,Waldo,Robert A. Heinlein,The Fantasies of Robert A. Heinlein,,Audio Book,5,1942,14350,14350628,48,44100,86104084,MPEG audio file,0,0,/Users/seant/Music/iTunes/iTunes Media/Music/Robert A. Heinlein/The Fantasies of Robert A. Heinlein/05 Waldo.mp3,False,2017-12-17T19:07:50,82.12,True,mp3,Robert A. Heinlein_The Fantasies of Robert A. Heinlein_Waldo_5,True,True
276,Unpleasant Profession of Jonathan Hoag,Robert A. Heinlein,The Fantasies of Robert A. Heinlein,Robert A. Heinlein,Audio Book,6,1942,14696,14696411,48,44100,88182688,MPEG audio file,0,0,/Users/seant/Music/iTunes/iTunes Media/Music/Robert A. Heinlein/The Fantasies of Robert A. Heinlein/06 Unpleasant Profession of Jonathan Hoag.mp3,False,2017-12-17T18:56:19,84.1,True,mp3,Robert A. Heinlein_The Fantasies of Robert A. Heinlein_Unpleasant Profession of Jonathan Hoag_6,True,True
4,Our Fair City,Robert A. Heinlein,The Fantasies of Robert A. Heinlein,Robert A. Heinlein,Audio Book,7,1948,2354,2354024,48,44100,14128371,MPEG audio file,0,0,/Users/seant/Music/iTunes/iTunes Media/Music/Robert A. Heinlein/The Fantasies of Robert A. Heinlein/07 Our Fair City.mp3,False,2017-12-17T18:36:18,13.47,True,mp3,Robert A. Heinlein_The Fantasies of Robert A. Heinlein_Our Fair City_7,True,True
38,Man Who Traveled in Elephants,Robert A. Heinlein,The Fantasies of Robert A. Heinlein,Robert A. Heinlein,Audio Book,8,1957,1985,1985802,48,44100,11919037,MPEG audio file,0,0,/Users/seant/Music/iTunes/iTunes Media/Music/Robert A. Heinlein/The Fantasies of Robert A. Heinlein/08 Man Who Traveled in Elephants.mp3,False,2017-12-17T18:37:49,11.37,True,mp3,Robert A. Heinlein_The Fantasies of Robert A. Heinlein_Man Who Traveled in Elephants_8,True,True
231,Moon Is a Harsh Mistress 01,Robert A. Heinlein,The Moon Is a Harsh Mistress,,Audio Book,1,1966,2624,2624679,64,44100,20998144,MPEG audio file,0,0,/Users/seant/Music/iTunes/iTunes Media/Music/Robert A. Heinlein/The Moon Is a Harsh Mistress/01 Moon Is a Harsh Mistress 01.mp3,False,2017-12-17T18:51:44,20.03,True,mp3,Robert A. Heinlein_The Moon Is a Harsh Mistress_Moon Is a Harsh Mistress 01_1,True,True
208,Moon Is a Harsh Mistress 02,Robert A. Heinlein,The Moon Is a Harsh Mistress,,Audio Book,2,1966,2611,2611539,64,44100,20893696,MPEG audio file,0,0,/Users/seant/Music/iTunes/iTunes Media/Music/Robert A. Heinlein/The Moon Is a Harsh Mistress/02 Moon Is a Harsh Mistress 02.mp3,False,2017-12-17T18:50:06,19.93,True,mp3,Robert A. Heinlein_The Moon Is a Harsh Mistress_Moon Is a Harsh Mistress 02_2,True,True
104,Moon Is a Harsh Mistress 04,Robert A. Heinlein,The Moon Is a Harsh Mistress,,Audio Book,4,1966,2561,2561123,64,44100,20490240,MPEG audio file,0,0,/Users/seant/Music/iTunes/iTunes Media/Music/Robert A. Heinlein/The Moon Is a Harsh Mistress/04 Moon Is a Harsh Mistress 04.mp3,False,2017-12-17T18:42:38,19.54,True,mp3,Robert A. Heinlein_The Moon Is a Harsh Mistress_Moon Is a Harsh Mistress 04_4,True,True
339,Moon Is a Harsh Mistress 06,Robert A. Heinlein,The Moon Is a Harsh Mistress,,Audio Book,6,1966,2308,2308284,64,44100,18466816,MPEG audio file,0,0,/Users/seant/Music/iTunes/iTunes Media/Music/Robert A. Heinlein/The Moon Is a Harsh Mistress/06 Moon Is a Harsh Mistress 06.mp3,False,2017-12-17T19:04:31,17.61,True,mp3,Robert A. Heinlein_The Moon Is a Harsh Mistress_Moon Is a Harsh Mistress 06_6,True,True
54,Moon Is a Harsh Mistress 07,Robert A. Heinlein,The Moon Is a Harsh Mistress,,Audio Book,7,1966,2527,2527947,64,44100,20224000,MPEG audio file,0,0,/Users/seant/Music/iTunes/iTunes Media/Music/Robert A. Heinlein/The Moon Is a Harsh Mistress/07 Moon Is a Harsh Mistress 07.mp3,False,2017-12-17T18:39:56,19.29,True,mp3,Robert A. Heinlein_The Moon Is a Harsh Mistress_Moon Is a Harsh Mistress 07_7,True,True
288,Moon Is a Harsh Mistress 09,Robert A. Heinlein,The Moon Is a Harsh Mistress,,Audio Book,9,1966,2435,2435004,64,44100,19480576,MPEG audio file,0,0,/Users/seant/Music/iTunes/iTunes Media/Music/Robert A. Heinlein/The Moon Is a Harsh Mistress/09 Moon Is a Harsh Mistress 09.mp3,False,2017-12-17T18:57:49,18.58,True,mp3,Robert A. Heinlein_The Moon Is a Harsh Mistress_Moon Is a Harsh Mistress 09_9,True,True
229,Moon Is a Harsh Mistress 10,Robert A. Heinlein,The Moon Is a Harsh Mistress,,Audio Book,10,1966,2389,2389577,64,44100,19118080,MPEG audio file,0,0,/Users/seant/Music/iTunes/iTunes Media/Music/Robert A. Heinlein/The Moon Is a Harsh Mistress/10 Moon Is a Harsh Mistress 10.mp3,False,2017-12-17T18:51:17,18.23,True,mp3,Robert A. Heinlein_The Moon Is a Harsh Mistress_Moon Is a Harsh Mistress 10_10,True,True
21,Moon Is a Harsh Mistress 11,Robert A. Heinlein,The Moon Is a Harsh Mistress,,Audio Book,11,1966,2636,2636042,64,44100,21090304,MPEG audio file,0,0,/Users/seant/Music/iTunes/iTunes Media/Music/Robert A. Heinlein/The Moon Is a Harsh Mistress/11 Moon Is a Harsh Mistress 11.mp3,False,2017-12-17T18:36:51,20.11,True,mp3,Robert A. Heinlein_The Moon Is a Harsh Mistress_Moon Is a Harsh Mistress 11_11,True,True
138,Moon Is a Harsh Mistress 12,Robert A. Heinlein,The Moon Is a Harsh Mistress,,Audio Book,12,1966,2347,2347676,64,44100,18782208,MPEG audio file,0,0,/Users/seant/Music/iTunes/iTunes Media/Music/Robert A. Heinlein/The Moon Is a Harsh Mistress/12 Moon Is a Harsh Mistress 12.mp3,False,2017-12-17T18:45:01,17.91,True,mp3,Robert A. Heinlein_The Moon Is a Harsh Mistress_Moon Is a Harsh Mistress 12_12,True,True
20,Moon Is a Harsh Mistress 13,Robert A. Heinlein,The Moon Is a Harsh Mistress,,Audio Book,13,1966,2541,2541087,64,44100,20330496,MPEG audio file,0,0,/Users/seant/Music/iTunes/iTunes Media/Music/Robert A. Heinlein/The Moon Is a Harsh Mistress/13 Moon Is a Harsh Mistress 13.mp3,False,2017-12-17T18:36:51,19.39,True,mp3,Robert A. Heinlein_The Moon Is a Harsh Mistress_Moon Is a Harsh Mistress 13_13,True,True
209,Moon Is a Harsh Mistress 14,Robert A. Heinlein,The Moon Is a Harsh Mistress,,Audio Book,14,1966,2476,2476800,64,44100,19816448,MPEG audio file,0,0,/Users/seant/Music/iTunes/iTunes Media/Music/Robert A. Heinlein/The Moon Is a Harsh Mistress/14 Moon Is a Harsh Mistress 14.mp3,False,2017-12-17T18:50:06,18.9,True,mp3,Robert A. Heinlein_The Moon Is a Harsh Mistress_Moon Is a Harsh Mistress 14_14,True,True
351,Moon Is a Harsh Mistress 15,Robert A. Heinlein,The Moon Is a Harsh Mistress,,Audio Book,15,1966,2502,2502713,64,44100,20023296,MPEG audio file,0,0,/Users/seant/Music/iTunes/iTunes Media/Music/Robert A. Heinlein/The Moon Is a Harsh Mistress/15 Moon Is a Harsh Mistress 15.mp3,False,2017-12-17T19:05:29,19.1,True,mp3,Robert A. Heinlein_The Moon Is a Harsh Mistress_Moon Is a Harsh Mistress 15_15,True,True
123,Moon Is a Harsh Mistress 16,Robert A. Heinlein,The Moon Is a Harsh Mistress,,Audio Book,16,1966,2324,2324401,64,44100,18595840,MPEG audio file,0,0,/Users/seant/Music/iTunes/iTunes Media/Music/Robert A. Heinlein/The Moon Is a Harsh Mistress/16 Moon Is a Harsh Mistress 16.mp3,False,2017-12-17T18:43:26,17.73,True,mp3,Robert A. Heinlein_The Moon Is a Harsh Mistress_Moon Is a Harsh Mistress 16_16,True,True
359,Moon Is a Harsh Mistress 18,Robert A. Heinlein,The Moon Is a Harsh Mistress,,Audio Book,18,1966,2301,2301936,64,44100,18417664,MPEG audio file,0,0,/Users/seant/Music/iTunes/iTunes Media/Music/Robert A. Heinlein/The Moon Is a Harsh Mistress/18 Moon Is a Harsh Mistress 18.mp3,False,2017-12-17T19:06:40,17.56,True,mp3,Robert A. Heinlein_The Moon Is a Harsh Mistress_Moon Is a Harsh Mistress 18_18,True,True
217,Moon Is a Harsh Mistress 20,Robert A. Heinlein,The Moon Is a Harsh Mistress,,Audio Book,20,1966,2647,2647066,64,44100,21178368,MPEG audio file,0,0,/Users/seant/Music/iTunes/iTunes Media/Music/Robert A. Heinlein/The Moon Is a Harsh Mistress/20 Moon Is a Harsh Mistress 20.mp3,False,2017-12-17T18:50:19,20.2,True,mp3,Robert A. Heinlein_The Moon Is a Harsh Mistress_Moon Is a Harsh Mistress 20_20,True,True
167,Moon Is a Harsh Mistress 21,Robert A. Heinlein,The Moon Is a Harsh Mistress,,Audio Book,21,1966,2650,2650880,64,44100,21209088,MPEG audio file,0,0,/Users/seant/Music/iTunes/iTunes Media/Music/Robert A. Heinlein/The Moon Is a Harsh Mistress/21 Moon Is a Harsh Mistress 21.mp3,False,2017-12-17T18:46:47,20.23,True,mp3,Robert A. Heinlein_The Moon Is a Harsh Mistress_Moon Is a Harsh Mistress 21_21,True,True
40,Moon Is a Harsh Mistress 22,Robert A. Heinlein,The Moon Is a Harsh Mistress,,Audio Book,22,1966,2518,2518047,64,44100,20146176,MPEG audio file,0,0,/Users/seant/Music/iTunes/iTunes Media/Music/Robert A. Heinlein/The Moon Is a Harsh Mistress/22 Moon Is a Harsh Mistress 22.mp3,False,2017-12-17T18:37:55,19.21,True,mp3,Robert A. Heinlein_The Moon Is a Harsh Mistress_Moon Is a Harsh Mistress 22_22,True,True
347,Number of the Beast 01,Robert A. Heinlein,The Number of the Beast,Robert A. Heinlein,Audio Book,1,1980,4830,4830615,48,44100,28991340,MPEG audio file,0,0,/Users/seant/Music/iTunes/iTunes Media/Music/Robert A. Heinlein/The Number of the Beast/01 Number of the Beast 01.mp3,False,2017-12-17T19:05:27,27.65,True,mp3,Robert A. Heinlein_The Number of the Beast_Number of the Beast 01_1,True,True
109,Number of the Beast 03,Robert A. Heinlein,The Number of the Beast,Robert A. Heinlein,Audio Book,3,1980,5291,5291102,48,44100,31753607,MPEG audio file,0,0,/Users/seant/Music/iTunes/iTunes Media/Music/Robert A. Heinlein/The Number of the Beast/03 Number of the Beast 03.mp3,False,2017-12-17T18:43:24,30.28,True,mp3,Robert A. Heinlein_The Number of the Beast_Number of the Beast 03_3,True,True
294,Number of the Beast 04,Robert A. Heinlein,The Number of the Beast,Robert A. Heinlein,Audio Book,4,1980,5285,5285694,48,44100,31721165,MPEG audio file,0,0,/Users/seant/Music/iTunes/iTunes Media/Music/Robert A. Heinlein/The Number of the Beast/04 Number of the Beast 04.mp3,False,2017-12-17T18:59:03,30.25,True,mp3,Robert A. Heinlein_The Number of the Beast_Number of the Beast 04_4,True,True
2,Number of the Beast 06,Robert A. Heinlein,The Number of the Beast,Robert A. Heinlein,Audio Book,6,1980,5271,5271562,32,22050,21087487,MPEG audio file,0,0,/Users/seant/Music/iTunes/iTunes Media/Music/Robert A. Heinlein/The Number of the Beast/06 Number of the Beast 06.mp3,False,2017-12-17T18:36:17,20.11,True,mp3,Robert A. Heinlein_The Number of the Beast_Number of the Beast 06_6,True,True
196,Number of the Beast 07,Robert A. Heinlein,The Number of the Beast,Robert A. Heinlein,Audio Book,7,1980,5286,5286400,48,44100,31727444,MPEG audio file,0,0,/Users/seant/Music/iTunes/iTunes Media/Music/Robert A. Heinlein/The Number of the Beast/07 Number of the Beast 07.mp3,False,2017-12-17T18:48:41,30.26,True,mp3,Robert A. Heinlein_The Number of the Beast_Number of the Beast 07_7,True,True
254,Number of the Beast 09,Robert A. Heinlein,The Number of the Beast,Robert A. Heinlein,Audio Book,9,1980,5284,5284884,48,44100,31719378,MPEG audio file,0,0,/Users/seant/Music/iTunes/iTunes Media/Music/Robert A. Heinlein/The Number of the Beast/09 Number of the Beast 09.mp3,False,2017-12-17T18:52:57,30.25,True,mp3,Robert A. Heinlein_The Number of the Beast_Number of the Beast 09_9,True,True
319,Number of the Beast 10,Robert A. Heinlein,The Number of the Beast,Robert A. Heinlein,Audio Book,10,1980,5255,5255157,48,44100,31537941,MPEG audio file,0,0,/Users/seant/Music/iTunes/iTunes Media/Music/Robert A. Heinlein/The Number of the Beast/10 Number of the Beast 10.mp3,False,2017-12-17T19:02:44,30.08,True,mp3,Robert A. Heinlein_The Number of the Beast_Number of the Beast 10_10,True,True
158,Number of the Beast 12,Robert A. Heinlein,The Number of the Beast,Robert A. Heinlein,Audio Book,12,1980,5222,5222582,48,44100,31344541,MPEG audio file,0,0,/Users/seant/Music/iTunes/iTunes Media/Music/Robert A. Heinlein/The Number of the Beast/12 Number of the Beast 12.mp3,False,2017-12-17T18:46:17,29.89,True,mp3,Robert A. Heinlein_The Number of the Beast_Number of the Beast 12_12,True,True
260,The Puppet Matsers 02,Robert A. Heinlein,The Puppet Masters,Robert A. Heinlein,Audio Book,2,1951,2560,2560000,25,11025,8126171,MPEG audio file,0,0,/Users/seant/Music/iTunes/iTunes Media/Music/Robert A. Heinlein/The Puppet Masters/02 The Puppet Matsers 02.mp3,False,2017-12-17T18:54:37,7.75,True,mp3,Robert A. Heinlein_The Puppet Masters_The Puppet Matsers 02_2,True,True
55,The Puppet Matsers 03,Robert A. Heinlein,The Puppet Masters,Robert A. Heinlein,Audio Book,3,1951,2599,2599235,25,11025,8232280,MPEG audio file,0,0,/Users/seant/Music/iTunes/iTunes Media/Music/Robert A. Heinlein/The Puppet Masters/03 The Puppet Matsers 03.mp3,False,2017-12-17T18:39:56,7.85,True,mp3,Robert A. Heinlein_The Puppet Masters_The Puppet Matsers 03_3,True,True
93,The Puppet Matsers 05,Robert A. Heinlein,The Puppet Masters,Robert A. Heinlein,Audio Book,5,1951,2535,2535079,25,11025,7993312,MPEG audio file,0,0,/Users/seant/Music/iTunes/iTunes Media/Music/Robert A. Heinlein/The Puppet Masters/05 The Puppet Matsers 05.mp3,False,2017-12-17T18:41:46,7.62,True,mp3,Robert A. Heinlein_The Puppet Masters_The Puppet Matsers 05_5,True,True
307,The Puppet Matsers 06,Robert A. Heinlein,The Puppet Masters,Robert A. Heinlein,Audio Book,6,1951,2453,2453002,25,11025,7729363,MPEG audio file,0,0,/Users/seant/Music/iTunes/iTunes Media/Music/Robert A. Heinlein/The Puppet Masters/06 The Puppet Matsers 06.mp3,False,2017-12-17T19:02:05,7.37,True,mp3,Robert A. Heinlein_The Puppet Masters_The Puppet Matsers 06_6,True,True
310,The Puppet Matsers 08,Robert A. Heinlein,The Puppet Masters,Robert A. Heinlein,Audio Book,8,1951,2491,2491872,25,11025,7859670,MPEG audio file,0,0,/Users/seant/Music/iTunes/iTunes Media/Music/Robert A. Heinlein/The Puppet Masters/08 The Puppet Matsers 08.mp3,False,2017-12-17T19:02:06,7.5,True,mp3,Robert A. Heinlein_The Puppet Masters_The Puppet Matsers 08_8,True,True
370,The Puppet Matsers 09,Robert A. Heinlein,The Puppet Masters,Robert A. Heinlein,Audio Book,9,1951,2622,2622171,25,11025,8328045,MPEG audio file,0,0,/Users/seant/Music/iTunes/iTunes Media/Music/Robert A. Heinlein/The Puppet Masters/09 The Puppet Matsers 09.mp3,False,2017-12-17T19:07:08,7.94,True,mp3,Robert A. Heinlein_The Puppet Masters_The Puppet Matsers 09_9,True,True
135,The Puppet Matsers 11,Robert A. Heinlein,The Puppet Masters,Robert A. Heinlein,Audio Book,11,1951,2598,2598817,25,11025,8198731,MPEG audio file,0,0,/Users/seant/Music/iTunes/iTunes Media/Music/Robert A. Heinlein/The Puppet Masters/11 The Puppet Matsers 11.mp3,False,2017-12-17T18:44:20,7.82,True,mp3,Robert A. Heinlein_The Puppet Masters_The Puppet Matsers 11_11,True,True
127,The Puppet Matsers 12,Robert A. Heinlein,The Puppet Masters,Robert A. Heinlein,Audio Book,12,1951,2536,2536228,25,11025,8052193,MPEG audio file,0,0,/Users/seant/Music/iTunes/iTunes Media/Music/Robert A. Heinlein/The Puppet Masters/12 The Puppet Matsers 12.mp3,False,2017-12-17T18:43:36,7.68,True,mp3,Robert A. Heinlein_The Puppet Masters_The Puppet Matsers 12_12,True,True
210,The Puppet Matsers 14,Robert A. Heinlein,The Puppet Masters,Robert A. Heinlein,Audio Book,14,1951,2468,2468989,25,11025,7793207,MPEG audio file,0,0,/Users/seant/Music/iTunes/iTunes Media/Music/Robert A. Heinlein/The Puppet Masters/14 The Puppet Matsers 14.mp3,False,2017-12-17T18:50:06,7.43,True,mp3,Robert A. Heinlein_The Puppet Masters_The Puppet Matsers 14_14,True,True
73,The Puppet Matsers 15,Robert A. Heinlein,The Puppet Masters,Robert A. Heinlein,Audio Book,15,1951,2565,2565433,25,11025,8099527,MPEG audio file,0,0,/Users/seant/Music/iTunes/iTunes Media/Music/Robert A. Heinlein/The Puppet Masters/15 The Puppet Matsers 15.mp3,False,2017-12-17T18:40:36,7.72,True,mp3,Robert A. Heinlein_The Puppet Masters_The Puppet Matsers 15_15,True,True
59,The Puppet Matsers 17,Robert A. Heinlein,The Puppet Masters,Robert A. Heinlein,Audio Book,17,1951,1289,1289221,48,44100,7739551,MPEG audio file,0,0,/Users/seant/Music/iTunes/iTunes Media/Music/Robert A. Heinlein/The Puppet Masters/17 The Puppet Matsers 17.mp3,False,2017-12-17T18:39:57,7.38,True,mp3,Robert A. Heinlein_The Puppet Masters_The Puppet Matsers 17_17,True,True
213,Star Beast 01,Robert A. Heinlein,The Star Beast,Robert A. Heinlein,Audio Book,1,1954,3017,3017351,64,44100,24143047,MPEG audio file,0,0,/Users/seant/Music/iTunes/iTunes Media/Music/Robert A. Heinlein/The Star Beast/01 Star Beast 01.mp3,False,2017-12-17T18:50:10,23.02,True,mp3,Robert A. Heinlein_The Star Beast_Star Beast 01_1,True,True
102,Star Beast 03,Robert A. Heinlein,The Star Beast,Robert A. Heinlein,Audio Book,3,1954,2999,2999536,64,44100,23888247,MPEG audio file,0,0,/Users/seant/Music/iTunes/iTunes Media/Music/Robert A. Heinlein/The Star Beast/03 Star Beast 03.mp3,False,2017-12-17T18:42:38,22.78,True,mp3,Robert A. Heinlein_The Star Beast_Star Beast 03_3,True,True
168,Star Beast 04,Robert A. Heinlein,The Star Beast,Robert A. Heinlein,Audio Book,4,1954,2945,2945750,64,44100,23570422,MPEG audio file,0,0,/Users/seant/Music/iTunes/iTunes Media/Music/Robert A. Heinlein/The Star Beast/04 Star Beast 04.mp3,False,2017-12-17T18:47:14,22.48,True,mp3,Robert A. Heinlein_The Star Beast_Star Beast 04_4,True,True
362,Star Beast 05,Robert A. Heinlein,The Star Beast,Robert A. Heinlein,Audio Book,5,1954,3009,3009906,64,44100,23970823,MPEG audio file,0,0,/Users/seant/Music/iTunes/iTunes Media/Music/Robert A. Heinlein/The Star Beast/05 Star Beast 05.mp3,False,2017-12-17T19:06:48,22.86,True,mp3,Robert A. Heinlein_The Star Beast_Star Beast 05_5,True,True
341,Star Beast 06,Robert A. Heinlein,The Star Beast,Robert A. Heinlein,Audio Book,6,1954,2817,2817828,64,44100,22441398,MPEG audio file,0,0,/Users/seant/Music/iTunes/iTunes Media/Music/Robert A. Heinlein/The Star Beast/06 Star Beast 06.mp3,False,2017-12-17T19:04:58,21.4,True,mp3,Robert A. Heinlein_The Star Beast_Star Beast 06_6,True,True
226,Star Beast 09,Robert A. Heinlein,The Star Beast,Robert A. Heinlein,Audio Book,9,1954,2926,2926811,64,44100,23309174,MPEG audio file,0,0,/Users/seant/Music/iTunes/iTunes Media/Music/Robert A. Heinlein/The Star Beast/09 Star Beast 09.mp3,False,2017-12-17T18:51:04,22.23,True,mp3,Robert A. Heinlein_The Star Beast_Star Beast 09_9,True,True
353,Star Beast 10,Robert A. Heinlein,The Star Beast,Robert A. Heinlein,Audio Book,10,1954,3004,3004473,64,44100,23927559,MPEG audio file,0,0,/Users/seant/Music/iTunes/iTunes Media/Music/Robert A. Heinlein/The Star Beast/10 Star Beast 10.mp3,False,2017-12-17T19:05:37,22.82,True,mp3,Robert A. Heinlein_The Star Beast_Star Beast 10_10,True,True
7,Unpleasant Profession of Johnathan Hoag 01,Robert A. Heinlein,The Unpleasant Profession of Jonathan Hoag,Robert A. Heinlein,Audio Book,1,1942,300,300042,64,44100,2443392,MPEG audio file,0,0,/Users/seant/Music/iTunes/iTunes Media/Music/Robert A. Heinlein/The Unpleasant Profession of Jonathan Hoag/01 Unpleasant Profession of Johnathan Hoag 01.mp3,False,2017-12-17T18:36:20,2.33,True,mp3,Robert A. Heinlein_The Unpleasant Profession of Jonathan Hoag_Unpleasant Profession of Johnathan Hoag 01_1,True,True
364,Unpleasant Profession of Johnathan Hoag 02,Robert A. Heinlein,The Unpleasant Profession of Jonathan Hoag,Robert A. Heinlein,Audio Book,2,1942,300,300042,64,44100,2443392,MPEG audio file,0,0,/Users/seant/Music/iTunes/iTunes Media/Music/Robert A. Heinlein/The Unpleasant Profession of Jonathan Hoag/02 Unpleasant Profession of Johnathan Hoag 02.mp3,False,2017-12-17T19:07:07,2.33,True,mp3,Robert A. Heinlein_The Unpleasant Profession of Jonathan Hoag_Unpleasant Profession of Johnathan Hoag 02_2,True,True
214,Unpleasant Profession of Johnathan Hoag 05,Robert A. Heinlein,The Unpleasant Profession of Jonathan Hoag,Robert A. Heinlein,Audio Book,5,1942,300,300042,64,44100,2443392,MPEG audio file,0,0,/Users/seant/Music/iTunes/iTunes Media/Music/Robert A. Heinlein/The Unpleasant Profession of Jonathan Hoag/05 Unpleasant Profession of Johnathan Hoag 05.mp3,False,2017-12-17T18:50:10,2.33,True,mp3,Robert A. Heinlein_The Unpleasant Profession of Jonathan Hoag_Unpleasant Profession of Johnathan Hoag 05_5,True,True
230,Unpleasant Profession of Johnathan Hoag 08,Robert A. Heinlein,The Unpleasant Profession of Jonathan Hoag,Robert A. Heinlein,Audio Book,8,1942,300,300042,64,44100,2443392,MPEG audio file,0,0,/Users/seant/Music/iTunes/iTunes Media/Music/Robert A. Heinlein/The Unpleasant Profession of Jonathan Hoag/08 Unpleasant Profession of Johnathan Hoag 08.mp3,False,2017-12-17T18:51:17,2.33,True,mp3,Robert A. Heinlein_The Unpleasant Profession of Jonathan Hoag_Unpleasant Profession of Johnathan Hoag 08_8,True,True
329,Unpleasant Profession of Johnathan Hoag 10,Robert A. Heinlein,The Unpleasant Profession of Jonathan Hoag,Robert A. Heinlein,Audio Book,10,1942,300,300042,64,44100,2443392,MPEG audio file,0,0,/Users/seant/Music/iTunes/iTunes Media/Music/Robert A. Heinlein/The Unpleasant Profession of Jonathan Hoag/10 Unpleasant Profession of Johnathan Hoag 10.mp3,False,2017-12-17T19:04:00,2.33,True,mp3,Robert A. Heinlein_The Unpleasant Profession of Jonathan Hoag_Unpleasant Profession of Johnathan Hoag 10_10,True,True
349,Unpleasant Profession of Johnathan Hoag 11,Robert A. Heinlein,The Unpleasant Profession of Jonathan Hoag,Robert A. Heinlein,Audio Book,11,1942,300,300042,64,44100,2443392,MPEG audio file,0,0,/Users/seant/Music/iTunes/iTunes Media/Music/Robert A. Heinlein/The Unpleasant Profession of Jonathan Hoag/11 Unpleasant Profession of Johnathan Hoag 11.mp3,False,2017-12-17T19:05:28,2.33,True,mp3,Robert A. Heinlein_The Unpleasant Profession of Jonathan Hoag_Unpleasant Profession of Johnathan Hoag 11_11,True,True
139,Unpleasant Profession of Johnathan Hoag 14,Robert A. Heinlein,The Unpleasant Profession of Jonathan Hoag,Robert A. Heinlein,Audio Book,14,1942,300,300042,64,44100,2443392,MPEG audio file,0,0,/Users/seant/Music/iTunes/iTunes Media/Music/Robert A. Heinlein/The Unpleasant Profession of Jonathan Hoag/14 Unpleasant Profession of Johnathan Hoag 14.mp3,False,2017-12-17T18:45:01,2.33,True,mp3,Robert A. Heinlein_The Unpleasant Profession of Jonathan Hoag_Unpleasant Profession of Johnathan Hoag 14_14,True,True
71,Unpleasant Profession of Johnathan Hoag 16,Robert A. Heinlein,The Unpleasant Profession of Jonathan Hoag,Robert A. Heinlein,Audio Book,16,1942,300,300042,64,44100,2443392,MPEG audio file,0,0,/Users/seant/Music/iTunes/iTunes Media/Music/Robert A. Heinlein/The Unpleasant Profession of Jonathan Hoag/16 Unpleasant Profession of Johnathan Hoag 16.mp3,False,2017-12-17T18:40:36,2.33,True,mp3,Robert A. Heinlein_The Unpleasant Profession of Jonathan Hoag_Unpleasant Profession of Johnathan Hoag 16_16,True,True
372,Unpleasant Profession of Johnathan Hoag 17,Robert A. Heinlein,The Unpleasant Profession of Jonathan Hoag,Robert A. Heinlein,Audio Book,17,1942,300,300042,64,44100,2443392,MPEG audio file,0,0,/Users/seant/Music/iTunes/iTunes Media/Music/Robert A. Heinlein/The Unpleasant Profession of Jonathan Hoag/17 Unpleasant Profession of Johnathan Hoag 17.mp3,False,2017-12-17T19:07:29,2.33,True,mp3,Robert A. Heinlein_The Unpleasant Profession of Jonathan Hoag_Unpleasant Profession of Johnathan Hoag 17_17,True,True
266,Unpleasant Profession of Johnathan Hoag 19,Robert A. Heinlein,The Unpleasant Profession of Jonathan Hoag,Robert A. Heinlein,Audio Book,19,1942,300,300042,64,44100,2443392,MPEG audio file,0,0,/Users/seant/Music/iTunes/iTunes Media/Music/Robert A. Heinlein/The Unpleasant Profession of Jonathan Hoag/19 Unpleasant Profession of Johnathan Hoag 19.mp3,False,2017-12-17T18:55:08,2.33,True,mp3,Robert A. Heinlein_The Unpleasant Profession of Jonathan Hoag_Unpleasant Profession of Johnathan Hoag 19_19,True,True
355,Unpleasant Profession of Johnathan Hoag 20,Robert A. Heinlein,The Unpleasant Profession of Jonathan Hoag,Robert A. Heinlein,Audio Book,20,1942,300,300042,64,44100,2443392,MPEG audio file,0,0,/Users/seant/Music/iTunes/iTunes Media/Music/Robert A. Heinlein/The Unpleasant Profession of Jonathan Hoag/20 Unpleasant Profession of Johnathan Hoag 20.mp3,False,2017-12-17T19:05:58,2.33,True,mp3,Robert A. Heinlein_The Unpleasant Profession of Jonathan Hoag_Unpleasant Profession of Johnathan Hoag 20_20,True,True
269,Unpleasant Profession of Johnathan Hoag 23,Robert A. Heinlein,The Unpleasant Profession of Jonathan Hoag,Robert A. Heinlein,Audio Book,23,1942,300,300042,64,44100,2443392,MPEG audio file,0,0,/Users/seant/Music/iTunes/iTunes Media/Music/Robert A. Heinlein/The Unpleasant Profession of Jonathan Hoag/23 Unpleasant Profession of Johnathan Hoag 23.mp3,False,2017-12-17T18:55:20,2.33,True,mp3,Robert A. Heinlein_The Unpleasant Profession of Jonathan Hoag_Unpleasant Profession of Johnathan Hoag 23_23,True,True
82,Unpleasant Profession of Johnathan Hoag 25,Robert A. Heinlein,The Unpleasant Profession of Jonathan Hoag,Robert A. Heinlein,Audio Book,25,1942,300,300042,64,44100,2443392,MPEG audio file,0,0,/Users/seant/Music/iTunes/iTunes Media/Music/Robert A. Heinlein/The Unpleasant Profession of Jonathan Hoag/25 Unpleasant Profession of Johnathan Hoag 25.mp3,False,2017-12-17T18:41:03,2.33,True,mp3,Robert A. Heinlein_The Unpleasant Profession of Jonathan Hoag_Unpleasant Profession of Johnathan Hoag 25_25,True,True
325,Unpleasant Profession of Johnathan Hoag 26,Robert A. Heinlein,The Unpleasant Profession of Jonathan Hoag,Robert A. Heinlein,Audio Book,26,1942,300,300042,64,44100,2443392,MPEG audio file,0,0,/Users/seant/Music/iTunes/iTunes Media/Music/Robert A. Heinlein/The Unpleasant Profession of Jonathan Hoag/26 Unpleasant Profession of Johnathan Hoag 26.mp3,False,2017-12-17T19:03:32,2.33,True,mp3,Robert A. Heinlein_The Unpleasant Profession of Jonathan Hoag_Unpleasant Profession of Johnathan Hoag 26_26,True,True
216,Unpleasant Profession of Johnathan Hoag 28,Robert A. Heinlein,The Unpleasant Profession of Jonathan Hoag,Robert A. Heinlein,Audio Book,28,1942,300,300042,64,44100,2443392,MPEG audio file,0,0,/Users/seant/Music/iTunes/iTunes Media/Music/Robert A. Heinlein/The Unpleasant Profession of Jonathan Hoag/28 Unpleasant Profession of Johnathan Hoag 28.mp3,False,2017-12-17T18:50:19,2.33,True,mp3,Robert A. Heinlein_The Unpleasant Profession of Jonathan Hoag_Unpleasant Profession of Johnathan Hoag 28_28,True,True
211,Unpleasant Profession of Johnathan Hoag 29,Robert A. Heinlein,The Unpleasant Profession of Jonathan Hoag,Robert A. Heinlein,Audio Book,29,1942,300,300042,64,44100,2443392,MPEG audio file,0,0,/Users/seant/Music/iTunes/iTunes Media/Music/Robert A. Heinlein/The Unpleasant Profession of Jonathan Hoag/29 Unpleasant Profession of Johnathan Hoag 29.mp3,False,2017-12-17T18:50:07,2.33,True,mp3,Robert A. Heinlein_The Unpleasant Profession of Jonathan Hoag_Unpleasant Profession of Johnathan Hoag 29_29,True,True
62,Unpleasant Profession of Johnathan Hoag 31,Robert A. Heinlein,The Unpleasant Profession of Jonathan Hoag,Robert A. Heinlein,Audio Book,31,1942,300,300042,64,44100,2443392,MPEG audio file,0,0,/Users/seant/Music/iTunes/iTunes Media/Music/Robert A. Heinlein/The Unpleasant Profession of Jonathan Hoag/31 Unpleasant Profession of Johnathan Hoag 31.mp3,False,2017-12-17T18:40:14,2.33,True,mp3,Robert A. Heinlein_The Unpleasant Profession of Jonathan Hoag_Unpleasant Profession of Johnathan Hoag 31_31,True,True
233,Unpleasant Profession of Johnathan Hoag 32,Robert A. Heinlein,The Unpleasant Profession of Jonathan Hoag,Robert A. Heinlein,Audio Book,32,1942,300,300042,64,44100,2443392,MPEG audio file,0,0,/Users/seant/Music/iTunes/iTunes Media/Music/Robert A. Heinlein/The Unpleasant Profession of Jonathan Hoag/32 Unpleasant Profession of Johnathan Hoag 32.mp3,False,2017-12-17T18:51:46,2.33,True,mp3,Robert A. Heinlein_The Unpleasant Profession of Jonathan Hoag_Unpleasant Profession of Johnathan Hoag 32_32,True,True
270,Unpleasant Profession of Johnathan Hoag 34,Robert A. Heinlein,The Unpleasant Profession of Jonathan Hoag,Robert A. Heinlein,Audio Book,34,1942,300,300042,64,44100,2443392,MPEG audio file,0,0,/Users/seant/Music/iTunes/iTunes Media/Music/Robert A. Heinlein/The Unpleasant Profession of Jonathan Hoag/34 Unpleasant Profession of Johnathan Hoag 34.mp3,False,2017-12-17T18:55:21,2.33,True,mp3,Robert A. Heinlein_The Unpleasant Profession of Jonathan Hoag_Unpleasant Profession of Johnathan Hoag 34_34,True,True
331,Unpleasant Profession of Johnathan Hoag 35,Robert A. Heinlein,The Unpleasant Profession of Jonathan Hoag,Robert A. Heinlein,Audio Book,35,1942,300,300042,64,44100,2443392,MPEG audio file,0,0,/Users/seant/Music/iTunes/iTunes Media/Music/Robert A. Heinlein/The Unpleasant Profession of Jonathan Hoag/35 Unpleasant Profession of Johnathan Hoag 35.mp3,False,2017-12-17T19:04:00,2.33,True,mp3,Robert A. Heinlein_The Unpleasant Profession of Jonathan Hoag_Unpleasant Profession of Johnathan Hoag 35_35,True,True
358,Unpleasant Profession of Johnathan Hoag 37,Robert A. Heinlein,The Unpleasant Profession of Jonathan Hoag,Robert A. Heinlein,Audio Book,37,1942,300,300042,64,44100,2443392,MPEG audio file,0,0,/Users/seant/Music/iTunes/iTunes Media/Music/Robert A. Heinlein/The Unpleasant Profession of Jonathan Hoag/37 Unpleasant Profession of Johnathan Hoag 37.mp3,False,2017-12-17T19:06:39,2.33,True,mp3,Robert A. Heinlein_The Unpleasant Profession of Jonathan Hoag_Unpleasant Profession of Johnathan Hoag 37_37,True,True
224,Unpleasant Profession of Johnathan Hoag 39,Robert A. Heinlein,The Unpleasant Profession of Jonathan Hoag,Robert A. Heinlein,Audio Book,39,1942,300,300042,64,44100,2443392,MPEG audio file,0,0,/Users/seant/Music/iTunes/iTunes Media/Music/Robert A. Heinlein/The Unpleasant Profession of Jonathan Hoag/39 Unpleasant Profession of Johnathan Hoag 39.mp3,False,2017-12-17T18:50:52,2.33,True,mp3,Robert A. Heinlein_The Unpleasant Profession of Jonathan Hoag_Unpleasant Profession of Johnathan Hoag 39_39,True,True
330,Unpleasant Profession of Johnathan Hoag 40,Robert A. Heinlein,The Unpleasant Profession of Jonathan Hoag,Robert A. Heinlein,Audio Book,40,1942,300,300042,64,44100,2443392,MPEG audio file,0,0,/Users/seant/Music/iTunes/iTunes Media/Music/Robert A. Heinlein/The Unpleasant Profession of Jonathan Hoag/40 Unpleasant Profession of Johnathan Hoag 40.mp3,False,2017-12-17T19:04:00,2.33,True,mp3,Robert A. Heinlein_The Unpleasant Profession of Jonathan Hoag_Unpleasant Profession of Johnathan Hoag 40_40,True,True
326,Unpleasant Profession of Johnathan Hoag 41,Robert A. Heinlein,The Unpleasant Profession of Jonathan Hoag,Robert A. Heinlein,Audio Book,41,1942,300,300042,64,44100,2443392,MPEG audio file,0,0,/Users/seant/Music/iTunes/iTunes Media/Music/Robert A. Heinlein/The Unpleasant Profession of Jonathan Hoag/41 Unpleasant Profession of Johnathan Hoag 41.mp3,False,2017-12-17T19:03:32,2.33,True,mp3,Robert A. Heinlein_The Unpleasant Profession of Jonathan Hoag_Unpleasant Profession of Johnathan Hoag 41_41,True,True
247,Unpleasant Profession of Johnathan Hoag 43,Robert A. Heinlein,The Unpleasant Profession of Jonathan Hoag,Robert A. Heinlein,Audio Book,43,1942,300,300042,64,44100,2443392,MPEG audio file,0,0,/Users/seant/Music/iTunes/iTunes Media/Music/Robert A. Heinlein/The Unpleasant Profession of Jonathan Hoag/43 Unpleasant Profession of Johnathan Hoag 43.mp3,False,2017-12-17T18:52:15,2.33,True,mp3,Robert A. Heinlein_The Unpleasant Profession of Jonathan Hoag_Unpleasant Profession of Johnathan Hoag 43_43,True,True
377,Unpleasant Profession of Johnathan Hoag 44,Robert A. Heinlein,The Unpleasant Profession of Jonathan Hoag,Robert A. Heinlein,Audio Book,44,1942,300,300042,64,44100,2443392,MPEG audio file,0,0,/Users/seant/Music/iTunes/iTunes Media/Music/Robert A. Heinlein/The Unpleasant Profession of Jonathan Hoag/44 Unpleasant Profession of Johnathan Hoag 44.mp3,False,2017-12-17T19:07:50,2.33,True,mp3,Robert A. Heinlein_The Unpleasant Profession of Jonathan Hoag_Unpleasant Profession of Johnathan Hoag 44_44,True,True
285,Unpleasant Profession of Johnathan Hoag 46,Robert A. Heinlein,The Unpleasant Profession of Jonathan Hoag,Robert A. Heinlein,Audio Book,46,1942,300,300042,64,44100,2443392,MPEG audio file,0,0,/Users/seant/Music/iTunes/iTunes Media/Music/Robert A. Heinlein/The Unpleasant Profession of Jonathan Hoag/46 Unpleasant Profession of Johnathan Hoag 46.mp3,False,2017-12-17T18:57:13,2.33,True,mp3,Robert A. Heinlein_The Unpleasant Profession of Jonathan Hoag_Unpleasant Profession of Johnathan Hoag 46_46,True,True
144,Time Enough for Love 01,Robert A. Heinlein,Time Enough for Love,Robert A. Heinlein,Audio Book,1,1973,5210,5210514,64,44100,41688546,MPEG audio file,0,0,/Users/seant/Music/iTunes/iTunes Media/Music/Robert A. Heinlein/Time Enough for Love/01 Time Enough for Love 01.mp3,False,2017-12-17T18:45:13,39.76,True,mp3,Robert A. Heinlein_Time Enough for Love_Time Enough for Love 01_1,True,True
164,Time Enough for Love 03,Robert A. Heinlein,Time Enough for Love,,Audio Book,3,1973,3642,3642906,56,44100,25500656,MPEG audio file,0,0,/Users/seant/Music/iTunes/iTunes Media/Music/Robert A. Heinlein/Time Enough for Love/03 Time Enough for Love 03.mp3,False,2017-12-17T18:46:22,24.32,True,mp3,Robert A. Heinlein_Time Enough for Love_Time Enough for Love 03_3,True,True
115,Time Enough for Love 05,Robert A. Heinlein,Time Enough for Love,,Audio Book,5,1973,3641,3641051,56,44100,25487673,MPEG audio file,0,0,/Users/seant/Music/iTunes/iTunes Media/Music/Robert A. Heinlein/Time Enough for Love/05 Time Enough for Love 05.mp3,False,2017-12-17T18:43:25,24.31,True,mp3,Robert A. Heinlein_Time Enough for Love_Time Enough for Love 05_5,True,True
50,Time Enough for Love 06,Robert A. Heinlein,Time Enough for Love,Robert A. Heinlein,Audio Book,6,1973,5216,5216914,64,44100,41737698,MPEG audio file,0,0,/Users/seant/Music/iTunes/iTunes Media/Music/Robert A. Heinlein/Time Enough for Love/06 Time Enough for Love 06.mp3,False,2017-12-17T18:39:38,39.8,True,mp3,Robert A. Heinlein_Time Enough for Love_Time Enough for Love 06_6,True,True
201,Time Enough for Love 08,Robert A. Heinlein,Time Enough for Love,,Audio Book,8,1973,3277,3277035,56,44100,22939558,MPEG audio file,0,0,/Users/seant/Music/iTunes/iTunes Media/Music/Robert A. Heinlein/Time Enough for Love/08 Time Enough for Love 08.mp3,False,2017-12-17T18:49:31,21.88,True,mp3,Robert A. Heinlein_Time Enough for Love_Time Enough for Love 08_8,True,True
212,Time Enough for Love 09,Robert A. Heinlein,Time Enough for Love,,Audio Book,9,1973,3635,3635408,56,44100,25448175,MPEG audio file,0,0,/Users/seant/Music/iTunes/iTunes Media/Music/Robert A. Heinlein/Time Enough for Love/09 Time Enough for Love 09.mp3,False,2017-12-17T18:50:09,24.27,True,mp3,Robert A. Heinlein_Time Enough for Love_Time Enough for Love 09_9,True,True
279,Time Enough for Love 10,Robert A. Heinlein,Time Enough for Love,Robert A. Heinlein,Audio Book,10,1973,5184,5184731,64,44100,41480235,MPEG audio file,0,0,/Users/seant/Music/iTunes/iTunes Media/Music/Robert A. Heinlein/Time Enough for Love/10 Time Enough for Love 10.mp3,False,2017-12-17T18:56:46,39.56,True,mp3,Robert A. Heinlein_Time Enough for Love_Time Enough for Love 10_10,True,True
13,Time Enough for Love 12,Robert A. Heinlein,Time Enough for Love,Robert A. Heinlein,Audio Book,12,1973,5185,5185671,64,44100,41487758,MPEG audio file,0,0,/Users/seant/Music/iTunes/iTunes Media/Music/Robert A. Heinlein/Time Enough for Love/12 Time Enough for Love 12.mp3,False,2017-12-17T18:36:21,39.57,True,mp3,Robert A. Heinlein_Time Enough for Love_Time Enough for Love 12_12,True,True
14,Time Enough for Love 14,Robert A. Heinlein,Time Enough for Love,Robert A. Heinlein,Audio Book,14,1973,5204,5204819,64,44100,41640940,MPEG audio file,0,0,/Users/seant/Music/iTunes/iTunes Media/Music/Robert A. Heinlein/Time Enough for Love/14 Time Enough for Love 14.mp3,False,2017-12-17T18:36:21,39.71,True,mp3,Robert A. Heinlein_Time Enough for Love_Time Enough for Love 14_14,True,True
85,Time Enough for Love 15,Robert A. Heinlein,Time Enough for Love,Robert A. Heinlein,Audio Book,15,1973,5218,5218142,64,44100,41747520,MPEG audio file,0,0,/Users/seant/Music/iTunes/iTunes Media/Music/Robert A. Heinlein/Time Enough for Love/15 Time Enough for Love 15.mp3,False,2017-12-17T18:41:44,39.81,True,mp3,Robert A. Heinlein_Time Enough for Love_Time Enough for Love 15_15,True,True
311,Time Enough for Love 17,Robert A. Heinlein,Time Enough for Love,,Audio Book,17,1973,3618,3618612,56,44100,25330600,MPEG audio file,0,0,/Users/seant/Music/iTunes/iTunes Media/Music/Robert A. Heinlein/Time Enough for Love/17 Time Enough for Love 17.mp3,False,2017-12-17T19:02:06,24.16,True,mp3,Robert A. Heinlein_Time Enough for Love_Time Enough for Love 17_17,True,True
283,Time Enough for Love 18,Robert A. Heinlein,Time Enough for Love,,Audio Book,18,1973,3621,3621955,56,44100,25354005,MPEG audio file,0,0,/Users/seant/Music/iTunes/iTunes Media/Music/Robert A. Heinlein/Time Enough for Love/18 Time Enough for Love 18.mp3,False,2017-12-17T18:57:12,24.18,True,mp3,Robert A. Heinlein_Time Enough for Love_Time Enough for Love 18_18,True,True
328,Time Enough for Love 20,Robert A. Heinlein,Time Enough for Love,,Audio Book,20,1973,3633,3633737,56,44100,25436473,MPEG audio file,0,0,/Users/seant/Music/iTunes/iTunes Media/Music/Robert A. Heinlein/Time Enough for Love/20 Time Enough for Love 20.mp3,False,2017-12-17T19:03:59,24.26,True,mp3,Robert A. Heinlein_Time Enough for Love_Time Enough for Love 20_20,True,True
154,Time Enough for Love 21,Robert A. Heinlein,Time Enough for Love,,Audio Book,21,1973,3633,3633711,56,44100,25436291,MPEG audio file,0,0,/Users/seant/Music/iTunes/iTunes Media/Music/Robert A. Heinlein/Time Enough for Love/21 Time Enough for Love 21.mp3,False,2017-12-17T18:45:52,24.26,True,mp3,Robert A. Heinlein_Time Enough for Love_Time Enough for Love 21_21,True,True
367,Time Enough for Love 23,Robert A. Heinlein,Time Enough for Love,,Audio Book,23,1973,3633,3633711,56,44100,25436291,MPEG audio file,0,0,/Users/seant/Music/iTunes/iTunes Media/Music/Robert A. Heinlein/Time Enough for Love/23 Time Enough for Love 23.mp3,False,2017-12-17T19:07:08,24.26,True,mp3,Robert A. Heinlein_Time Enough for Love_Time Enough for Love 23_23,True,True
300,Time Enough for Love 24,Robert A. Heinlein,Time Enough for Love,,Audio Book,24,1973,3640,3640424,56,44100,25483285,MPEG audio file,0,0,/Users/seant/Music/iTunes/iTunes Media/Music/Robert A. Heinlein/Time Enough for Love/24 Time Enough for Love 24.mp3,False,2017-12-17T19:00:58,24.3,True,mp3,Robert A. Heinlein_Time Enough for Love_Time Enough for Love 24_24,True,True
91,Time Enough for Love 26,Robert A. Heinlein,Time Enough for Love,,Audio Book,26,1973,3616,3616940,56,44100,25318897,MPEG audio file,0,0,/Users/seant/Music/iTunes/iTunes Media/Music/Robert A. Heinlein/Time Enough for Love/26 Time Enough for Love 26.mp3,False,2017-12-17T18:41:46,24.15,True,mp3,Robert A. Heinlein_Time Enough for Love_Time Enough for Love 26_26,True,True
119,Chapter 01,Robert A. Heinlein,Time for the Stars,,Audio Book,2,1956,1083,1083245,64,44100,8686572,MPEG audio file,0,0,/Users/seant/Music/iTunes/iTunes Media/Music/Robert A. Heinlein/Time for the Stars/02 Chapter 01.mp3,False,2017-12-17T18:43:25,8.28,True,mp3,Robert A. Heinlein_Time for the Stars_Chapter 01_2,True,True
365,Chapter 02,Robert A. Heinlein,Time for the Stars,,Audio Book,3,1956,1072,1072587,64,44100,8601309,MPEG audio file,0,0,/Users/seant/Music/iTunes/iTunes Media/Music/Robert A. Heinlein/Time for the Stars/03 Chapter 02.mp3,False,2017-12-17T19:07:07,8.2,True,mp3,Robert A. Heinlein_Time for the Stars_Chapter 02_3,True,True
191,Chapter 04,Robert A. Heinlein,Time for the Stars,,Audio Book,5,1956,1237,1237446,64,44100,9920179,MPEG audio file,0,0,/Users/seant/Music/iTunes/iTunes Media/Music/Robert A. Heinlein/Time for the Stars/05 Chapter 04.mp3,False,2017-12-17T18:48:34,9.46,True,mp3,Robert A. Heinlein_Time for the Stars_Chapter 04_5,True,True
149,Chapter 05,Robert A. Heinlein,Time for the Stars,,Audio Book,6,1956,1172,1172453,64,44100,9400238,MPEG audio file,0,0,/Users/seant/Music/iTunes/iTunes Media/Music/Robert A. Heinlein/Time for the Stars/06 Chapter 05.mp3,False,2017-12-17T18:45:27,8.96,True,mp3,Robert A. Heinlein_Time for the Stars_Chapter 05_6,True,True
156,Chapter 07,Robert A. Heinlein,Time for the Stars,,Audio Book,8,1956,1324,1324747,64,44100,10618589,MPEG audio file,0,0,/Users/seant/Music/iTunes/iTunes Media/Music/Robert A. Heinlein/Time for the Stars/08 Chapter 07.mp3,False,2017-12-17T18:46:15,10.13,True,mp3,Robert A. Heinlein_Time for the Stars_Chapter 07_8,True,True
51,Chapter 08,Robert A. Heinlein,Time for the Stars,,Audio Book,9,1956,1346,1346586,64,44100,10793296,MPEG audio file,0,0,/Users/seant/Music/iTunes/iTunes Media/Music/Robert A. Heinlein/Time for the Stars/09 Chapter 08.mp3,False,2017-12-17T18:39:38,10.29,True,mp3,Robert A. Heinlein_Time for the Stars_Chapter 08_9,True,True
253,Chapter 10,Robert A. Heinlein,Time for the Stars,,Audio Book,11,1956,848,848953,64,44100,6812234,MPEG audio file,0,0,/Users/seant/Music/iTunes/iTunes Media/Music/Robert A. Heinlein/Time for the Stars/11 Chapter 10.mp3,False,2017-12-17T18:52:50,6.5,True,mp3,Robert A. Heinlein_Time for the Stars_Chapter 10_11,True,True
49,Chapter 11,Robert A. Heinlein,Time for the Stars,,Audio Book,12,1956,1043,1043043,64,44100,8364953,MPEG audio file,0,0,/Users/seant/Music/iTunes/iTunes Media/Music/Robert A. Heinlein/Time for the Stars/12 Chapter 11.mp3,False,2017-12-17T18:39:38,7.98,True,mp3,Robert A. Heinlein_Time for the Stars_Chapter 11_12,True,True
130,Chapter 13,Robert A. Heinlein,Time for the Stars,,Audio Book,14,1956,810,810213,64,44100,6502318,MPEG audio file,0,0,/Users/seant/Music/iTunes/iTunes Media/Music/Robert A. Heinlein/Time for the Stars/14 Chapter 13.mp3,False,2017-12-17T18:43:52,6.2,True,mp3,Robert A. Heinlein_Time for the Stars_Chapter 13_14,True,True
303,Chapter 14,Robert A. Heinlein,Time for the Stars,,Audio Book,15,1956,1803,1803467,64,44100,14448349,MPEG audio file,0,0,/Users/seant/Music/iTunes/iTunes Media/Music/Robert A. Heinlein/Time for the Stars/15 Chapter 14.mp3,False,2017-12-17T19:01:37,13.78,True,mp3,Robert A. Heinlein_Time for the Stars_Chapter 14_15,True,True
246,Chapter 16,Robert A. Heinlein,Time for the Stars,,Audio Book,17,1956,1698,1698507,64,44100,13608669,MPEG audio file,0,0,/Users/seant/Music/iTunes/iTunes Media/Music/Robert A. Heinlein/Time for the Stars/17 Chapter 16.mp3,False,2017-12-17T18:52:15,12.98,True,mp3,Robert A. Heinlein_Time for the Stars_Chapter 16_17,True,True
234,Chapter 17,Robert A. Heinlein,Time for the Stars,,Audio Book,18,1956,1131,1131676,64,44100,9074020,MPEG audio file,0,0,/Users/seant/Music/iTunes/iTunes Media/Music/Robert A. Heinlein/Time for the Stars/18 Chapter 17.mp3,False,2017-12-17T18:51:46,8.65,True,mp3,Robert A. Heinlein_Time for the Stars_Chapter 17_18,True,True
240,Variable Star 01,Robert A. Heinlein; Spider Robonson,Variable Star,Robert A. Heinlein; Spider Robonson,Audio Book,1,2006,2037,2037211,64,44100,16225527,MPEG audio file,0,0,/Users/seant/Music/iTunes/iTunes Media/Music/Robert A. Heinlein; Spider Robonson/Variable Star/01 Variable Star 01.mp3,False,2017-12-17T18:52:14,15.47,True,mp3,Robert A. Heinlein; Spider Robonson_Variable Star_Variable Star 01_1,True,True
165,Variable Star 03,Robert A. Heinlein; Spider Robonson,Variable Star,Robert A. Heinlein; Spider Robonson,Audio Book,3,2006,2046,2046928,64,44100,16303111,MPEG audio file,0,0,/Users/seant/Music/iTunes/iTunes Media/Music/Robert A. Heinlein; Spider Robonson/Variable Star/03 Variable Star 03.mp3,False,2017-12-17T18:46:34,15.55,True,mp3,Robert A. Heinlein; Spider Robonson_Variable Star_Variable Star 03_3,True,True
291,Variable Star 04,Robert A. Heinlein; Spider Robonson,Variable Star,Robert A. Heinlein; Spider Robonson,Audio Book,4,2006,2008,2008476,64,44100,16072231,MPEG audio file,0,0,/Users/seant/Music/iTunes/iTunes Media/Music/Robert A. Heinlein; Spider Robonson/Variable Star/04 Variable Star 04.mp3,False,2017-12-17T18:58:05,15.33,True,mp3,Robert A. Heinlein; Spider Robonson_Variable Star_Variable Star 04_4,True,True
321,Variable Star 06,Robert A. Heinlein; Spider Robonson,Variable Star,Robert A. Heinlein; Spider Robonson,Audio Book,6,2006,1958,1958870,64,44100,15675366,MPEG audio file,0,0,/Users/seant/Music/iTunes/iTunes Media/Music/Robert A. Heinlein; Spider Robonson/Variable Star/06 Variable Star 06.mp3,False,2017-12-17T19:03:16,14.95,True,mp3,Robert A. Heinlein; Spider Robonson_Variable Star_Variable Star 06_6,True,True
107,Variable Star 09,Robert A. Heinlein; Spider Robonson,Variable Star,Robert A. Heinlein; Spider Robonson,Audio Book,9,2006,1994,1994605,64,44100,15886486,MPEG audio file,0,0,/Users/seant/Music/iTunes/iTunes Media/Music/Robert A. Heinlein; Spider Robonson/Variable Star/09 Variable Star 09.mp3,False,2017-12-17T18:43:23,15.15,True,mp3,Robert A. Heinlein; Spider Robonson_Variable Star_Variable Star 09_9,True,True
52,Variable Star 10,Robert A. Heinlein; Spider Robonson,Variable Star,Robert A. Heinlein; Spider Robonson,Audio Book,10,2006,2035,2035617,64,44100,16213047,MPEG audio file,0,0,/Users/seant/Music/iTunes/iTunes Media/Music/Robert A. Heinlein; Spider Robonson/Variable Star/10 Variable Star 10.mp3,False,2017-12-17T18:39:38,15.46,True,mp3,Robert A. Heinlein; Spider Robonson_Variable Star_Variable Star 10_10,True,True
19,Variable Star 12,Robert A. Heinlein; Spider Robonson,Variable Star,Robert A. Heinlein; Spider Robonson,Audio Book,12,2006,1899,1899075,64,44100,15125830,MPEG audio file,0,0,/Users/seant/Music/iTunes/iTunes Media/Music/Robert A. Heinlein; Spider Robonson/Variable Star/12 Variable Star 12.mp3,False,2017-12-17T18:36:34,14.43,True,mp3,Robert A. Heinlein; Spider Robonson_Variable Star_Variable Star 12_12,True,True
89,Variable Star 13,Robert A. Heinlein; Spider Robonson,Variable Star,Robert A. Heinlein; Spider Robonson,Audio Book,13,2006,2059,2059520,64,44100,16403367,MPEG audio file,0,0,/Users/seant/Music/iTunes/iTunes Media/Music/Robert A. Heinlein; Spider Robonson/Variable Star/13 Variable Star 13.mp3,False,2017-12-17T18:41:45,15.64,True,mp3,Robert A. Heinlein; Spider Robonson_Variable Star_Variable Star 13_13,True,True
375,Variable Star 15,Robert A. Heinlein; Spider Robonson,Variable Star,Robert A. Heinlein; Spider Robonson,Audio Book,15,2006,2043,2043115,64,44100,16272743,MPEG audio file,0,0,/Users/seant/Music/iTunes/iTunes Media/Music/Robert A. Heinlein; Spider Robonson/Variable Star/15 Variable Star 15.mp3,False,2017-12-17T19:07:31,15.52,True,mp3,Robert A. Heinlein; Spider Robonson_Variable Star_Variable Star 15_15,True,True
361,Variable Star 17,Robert A. Heinlein; Spider Robonson,Variable Star,Robert A. Heinlein; Spider Robonson,Audio Book,17,2006,2032,2032404,64,44100,16187463,MPEG audio file,0,0,/Users/seant/Music/iTunes/iTunes Media/Music/Robert A. Heinlein; Spider Robonson/Variable Star/17 Variable Star 17.mp3,False,2017-12-17T19:06:40,15.44,True,mp3,Robert A. Heinlein; Spider Robonson_Variable Star_Variable Star 17_17,True,True
64,Variable Star 18,Robert A. Heinlein; Spider Robonson,Variable Star,Robert A. Heinlein; Spider Robonson,Audio Book,18,2006,2042,2042383,64,44100,16266919,MPEG audio file,0,0,/Users/seant/Music/iTunes/iTunes Media/Music/Robert A. Heinlein; Spider Robonson/Variable Star/18 Variable Star 18.mp3,False,2017-12-17T18:40:34,15.51,True,mp3,Robert A. Heinlein; Spider Robonson_Variable Star_Variable Star 18_18,True,True
272,Introduction,Robert Heinlein,The Man Who Sold The Moon,,Audio Book,1,1950,641,641410,48,44100,3848791,MPEG audio file,0,0,/Users/seant/Music/iTunes/iTunes Media/Music/Robert Heinlein/The Man Who Sold The Moon/01 Introduction.mp3,False,2017-12-17T18:55:21,3.67,True,mp3,Robert Heinlein_The Man Who Sold The Moon_Introduction_1,True,True
1,Let There Be Light,Robert Heinlein,The Man Who Sold The Moon,,Audio Book,4,1940,2047,2047817,48,44100,12287230,MPEG audio file,0,0,/Users/seant/Music/iTunes/iTunes Media/Music/Robert Heinlein/The Man Who Sold The Moon/04 Let There Be Light.mp3,False,2017-12-17T18:36:17,11.72,True,mp3,Robert Heinlein_The Man Who Sold The Moon_Let There Be Light_4,True,True
239,The Man Who Sold the Moon,Robert Heinlein,The Man Who Sold The Moon,,Audio Book,6,1950,11347,11347905,48,44100,68087755,MPEG audio file,0,0,/Users/seant/Music/iTunes/iTunes Media/Music/Robert Heinlein/The Man Who Sold The Moon/06 The Man Who Sold the Moon.mp3,False,2017-12-17T18:51:57,64.93,True,mp3,Robert Heinlein_The Man Who Sold The Moon_The Man Who Sold the Moon_6,True,True
345,Requiem,Robert Heinlein,The Man Who Sold The Moon,,Audio Book,7,1940,2157,2157217,48,44100,12943635,MPEG audio file,0,0,/Users/seant/Music/iTunes/iTunes Media/Music/Robert Heinlein/The Man Who Sold The Moon/07 Requiem.mp3,False,2017-12-17T19:05:26,12.34,True,mp3,Robert Heinlein_The Man Who Sold The Moon_Requiem_7,True,True
155,Blowups Happen,Robert Heinlein,The Man Who Sold The Moon,,Audio Book,9,1940,6373,6373668,48,44100,38242337,MPEG audio file,0,0,/Users/seant/Music/iTunes/iTunes Media/Music/Robert Heinlein/The Man Who Sold The Moon/09 Blowups Happen.mp3,False,2017-12-17T18:45:53,36.47,True,mp3,Robert Heinlein_The Man Who Sold The Moon_Blowups Happen_9,True,True
639,"So Long, Mom (A Song for World War III)",Tom Lehrer,The Remains of Tom Lehrer,,,8,0,143,143882,256,44100,4604612,MPEG audio file,0,0,"/Users/seant/Music/iTunes/iTunes Media/Music/Tom Lehrer/The Remains of Tom Lehrer/08 So Long, Mom (A Song for World War III).mp3",False,2025-08-18T16:41:38,4.39,True,mp3,"Tom Lehrer_The Remains of Tom Lehrer_So Long, Mom (A Song for World War III)_8",True,True
